MovieID,views,total_weighted_rating,influence_score
M1905,4147,17280,71660160
M4306,3288,14249,46850712
M2452,3210,14262,45781020
M571,3304,13156,43467424
M3938,3225,13399,43211775
M4432,3358,12655,42495490
M2152,3476,11796,41002896
M3860,3428,11777,40371556
M3962,2998,13217,39624566
M2782,2910,12514,36415740
M3624,3011,11887,35791757
M1962,3071,11534,35420914
M2372,2928,11410,33408480
M1220,2871,11510,33045210
M2862,2760,11921,32901960
M3106,2937,10672,31343664
M3427,2984,9992,29816128
M1145,2940,9312,27377280
M4123,2628,9148,24040944
M457,2476,9645,23881020
M30,2512,9406,23627872
M1798,2417,9634,23285378
M1542,2483,9339,23188737
M886,2352,9850,23167200
M1307,2610,8682,22660020
M1428,2483,8771,21778393
M3151,2519,8569,21585311
M1180,2316,9183,21267828
M3282,2493,8478,21135654
M2913,2286,9128,20866608
M1865,2326,8573,19940798
M3925,2318,8200,19007600
M4356,2256,8313,18754128
M2122,2257,8266,18656362
M1470,2186,8163,17844318
M3825,2246,7842,17613132
M191,2100,8279,17385900
M758,2226,7797,17356122
M607,2198,7830,17210340
M1110,2041,8299,16938259
M313,2110,7698,16242780
M3917,2071,7722,15992262
M4472,2080,7648,15907840
M175,1954,7940,15514760
M2391,2155,7138,15382390
M2342,1915,7399,14169085
M985,1955,7097,13874635
M4345,1904,7272,13845888
M483,1992,6916,13776672
M4043,1932,6722,12986904
M2660,1784,7101,12668184
M2095,1868,6704,12523072
M2874,1862,6614,12315268
M2112,1845,6520,12029400
M3756,1980,6062,12002760
M798,1759,6803,11966477
M4266,1780,6684,11897520
M2612,1864,6373,11879272
M3333,1903,6237,11869011
M1202,1750,6633,11607750
M3638,1799,6422,11553178
M3605,1638,6875,11261250
M1144,1671,6616,11055336
M197,1730,6093,10540890
M3290,1512,6651,10056312
M3371,1572,6208,9758976
M299,1620,6017,9747540
M3368,1664,5827,9696128
M3610,1595,6048,9646560
M2580,1640,5830,9561200
M357,1635,5707,9330945
M1744,1552,6005,9319760
M1102,1608,5771,9279768
M3320,1600,5771,9233600
M3079,1465,6120,8965800
M1406,1623,5520,8958960
M2200,1686,5105,8607030
M708,1584,5403,8558352
M1754,1436,5712,8202432
M312,1412,5271,7442652
M329,1435,5120,7347200
M4330,1397,5065,7075805
M1799,1394,5058,7050852
M1073,1305,5331,6956955
M2800,1413,4893,6913809
M2743,1269,5212,6614028
M1615,1302,4976,6478752
M468,1359,4735,6434865
M2186,1308,4889,6394812
M3905,1315,4813,6329095
M3538,1260,4668,5881680
M1561,1300,4504,5855200
M788,1230,4704,5785920
M3254,1379,4172,5753188
M3864,1160,4930,5718800
M1810,1196,4475,5352100
M3433,1253,4269,5349057
M4302,1167,4431,5170977
M2470,1194,4277,5106738
M2465,1144,4439,5078216
M482,1161,4361,5063121
M2290,1093,4557,4980801
M4315,1191,4149,4941459
M4227,1157,4241,4906837
M1719,1214,3698,4489372
M2209,1080,4095,4422600
M1703,1063,4126,4385938
M1650,1116,3861,4308876
M2430,1017,4170,4240890
M3385,1123,3743,4203389
M2462,1049,3884,4074316
M3463,1041,3884,4043244
M3782,1091,3705,4042155
M3713,1051,3819,4013769
M2617,1134,3498,3966732
M406,1021,3873,3954333
M4056,1150,3429,3943350
M1975,1170,3359,3930030
M2953,1023,3734,3819882
M1324,971,3931,3817001
M4262,1032,3634,3750288
M2699,1044,3564,3720816
M2128,969,3822,3703518
M331,1002,3636,3643272
M241,931,3858,3591798
M1843,1055,3392,3578560
M290,986,3534,3484524
M1625,913,3798,3467574
M3684,940,3609,3392460
M658,958,3472,3326176
M4141,955,3381,3228855
M1590,903,3566,3220098
M2992,922,3360,3097920
M4256,905,3373,3052565
M4216,978,3103,3034734
M3730,862,3457,2979934
M3138,910,3256,2962960
M3798,839,3522,2954958
M3966,904,3263,2949752
M1255,856,3348,2865888
M1571,866,3295,2853470
M3648,883,3230,2852090
M3418,932,3043,2836076
M1509,887,3189,2828643
M2578,871,3244,2825524
M2922,870,3226,2806620
M2395,897,3120,2798640
M2178,835,3336,2785560
M1659,863,3216,2775408
M2009,901,3060,2757060
M4402,899,3031,2724869
M1466,855,3182,2720610
M143,838,3227,2704226
M705,843,3098,2611614
M1046,873,2969,2591937
M3936,921,2808,2586168
M1267,903,2847,2570841
M1642,800,3208,2566400
M28,820,3094,2537080
M963,810,3093,2505330
M1174,792,3137,2484504
M2000,825,3008,2481600
M4393,844,2870,2422280
M334,831,2884,2396604
M270,733,3215,2356595
M3650,784,2984,2339456
M361,793,2911,2308423
M3446,738,3054,2253852
M443,731,2895,2116245
M2457,761,2762,2101882
M1066,748,2810,2101880
M4135,736,2853,2099808
M2594,799,2536,2026264
M199,707,2789,1971823
M1305,761,2543,1935223
M3315,689,2778,1914042
M550,727,2544,1849488
M3579,750,2452,1839000
M872,664,2743,1821352
M2499,771,2327,1794117
M1877,667,2645,1764215
M4369,730,2404,1754920
M1832,686,2488,1706768
M3148,700,2436,1705200
M4488,688,2440,1678720
M4159,706,2332,1646392
M2171,662,2486,1645732
M789,654,2501,1635654
M2360,632,2577,1628664
M2192,656,2474,1622944
M692,681,2376,1618056
M3017,653,2459,1605727
M4080,679,2363,1604477
M3824,676,2357,1593332
M2252,660,2412,1591920
M3541,643,2472,1589496
M3875,632,2515,1589480
M896,665,2319,1542135
M3198,683,2254,1539482
M2960,748,2047,1531156
M4384,656,2318,1520608
M2734,681,2224,1514544
M4392,617,2430,1499310
M273,668,2228,1488304
M3817,621,2395,1487295
M4389,656,2210,1449760
M413,654,2200,1438800
M3165,632,2271,1435272
M2890,592,2420,1432640
M257,603,2371,1429713
M4364,623,2290,1426670
M442,593,2363,1401259
M720,603,2313,1394739
M1289,693,1912,1325016
M494,576,2286,1316736
M3626,612,2145,1312740
M2443,574,2277,1306998
M2001,622,2096,1303712
M3274,591,2172,1283652
M2690,581,2189,1271809
M3197,633,2003,1267899
M111,640,1979,1266560
M2554,586,2102,1231772
M2015,567,2169,1229823
M3893,589,2051,1208039
M2495,629,1881,1183149
M295,592,1980,1172160
M311,565,2044,1154860
M330,575,2006,1153450
M3256,606,1900,1151400
M2016,549,2082,1143018
M851,537,2110,1133070
M3489,548,2022,1108056
M223,515,2146,1105190
M4341,566,1936,1095776
M1770,529,2055,1087095
M3611,577,1879,1084183
M1314,531,2030,1077930
M1700,548,1955,1071340
M2803,492,2163,1064196
M1682,527,1985,1046095
M528,593,1741,1032413
M1467,525,1923,1009575
M2938,491,2053,1008023
M252,542,1853,1004326
M3466,554,1810,1002740
M3078,494,2025,1000350
M4479,513,1946,998298
M3085,582,1709,994638
M269,511,1921,981631
M746,529,1840,973360
M473,490,1984,972160
M3355,525,1842,967050
M2172,465,2067,961155
M937,506,1886,954316
M1367,514,1851,951414
M1918,549,1731,950319
M3161,554,1684,932936
M1861,550,1691,930050
M4109,531,1742,925002
M1901,503,1830,920490
M4149,516,1760,908160
M3098,523,1709,893807
M1020,450,1922,864900
M1890,471,1789,842619
M2851,482,1735,836270
M3617,509,1639,834251
M2675,569,1451,825619
M1645,503,1611,810333
M3900,446,1762,785852
M2942,424,1852,785248
M3168,455,1701,773955
M2809,455,1642,747110
M2389,439,1676,735764
M2866,462,1585,732270
M2153,470,1557,731790
M3350,490,1485,727650
M1974,430,1675,720250
M3239,417,1714,714738
M1585,457,1540,703780
M2371,414,1693,700902
M3364,430,1621,697030
M2348,437,1586,693082
M3071,429,1570,673530
M2456,410,1641,672810
M2139,436,1541,671876
M3058,419,1591,666629
M148,442,1469,649298
M3728,429,1505,645645
M1027,431,1484,639604
M862,427,1487,634949
M2780,418,1519,634942
M3689,427,1477,630679
M660,407,1540,626780
M2783,427,1466,625982
M2577,417,1499,625083
M516,408,1531,624648
M3522,453,1376,623328
M1148,401,1546,619946
M3715,425,1457,619225
M2012,429,1436,616044
M962,443,1386,613998
M1435,385,1593,613305
M83,403,1519,612157
M3153,392,1548,606816
M1709,406,1493,606158
M4260,425,1420,603500
M3267,410,1462,599420
M4089,421,1422,598662
M3015,452,1322,597544
M3113,425,1381,586925
M3894,442,1327,586534
M2162,364,1604,583856
M118,409,1409,576281
M1661,401,1436,575836
M3890,439,1310,575090
M940,394,1447,570118
M3414,402,1415,568830
M1902,408,1385,565080
M1833,444,1263,560772
M353,415,1348,559420
M3680,398,1398,556404
M2779,454,1216,552064
M3670,423,1303,551169
M3128,390,1410,549900
M2848,369,1463,539847
M831,407,1299,528693
M2400,431,1213,522803
M2680,402,1298,521796
M1138,422,1232,519904
M187,416,1246,518336
M1637,379,1364,516956
M3222,376,1363,512488
M1425,371,1374,509754
M1035,378,1342,507276
M58,372,1342,499224
M3265,374,1326,495924
M989,405,1217,492885
M1578,395,1240,489800
M1595,348,1397,486156
M3742,348,1384,481632
M3312,389,1232,479248
M1495,334,1434,478956
M3840,383,1250,478750
M2329,355,1338,474990
M3544,354,1338,473652
M3478,356,1324,471344
M2136,384,1227,471168
M2755,352,1327,467104
M2751,364,1273,463372
M4284,332,1384,459488
M1983,369,1218,449442
M3434,362,1209,437658
M2376,372,1170,435240
M3046,315,1372,432180
M2212,328,1265,414920
M501,331,1252,414412
M711,335,1214,406690
M4420,352,1148,404096
M108,353,1140,402420
M3954,319,1238,394922
M3216,325,1206,391950
M3920,350,1095,383250
M3972,329,1160,381640
M1050,320,1191,381120
M4418,335,1132,379220
M1803,331,1144,378664
M2955,312,1200,374400
M2920,322,1159,373198
M2173,335,1100,368500
M4171,349,1054,367846
M2905,323,1137,367251
M3551,307,1188,364716
M4269,348,1048,364704
M819,335,1083,362805
M3347,336,1077,361872
M3253,330,1094,361020
M3285,306,1170,358020
M2163,345,1030,355350
M759,336,1057,355152
M551,328,1077,353256
M3879,299,1173,350727
M424,318,1096,348528
M1370,299,1164,348036
M3326,334,1035,345690
M2254,338,1019,344422
M2532,291,1183,344253
M2072,337,1021,344077
M1482,319,1042,332398
M1884,323,1021,329783
M3612,288,1135,326880
M3182,311,1042,324062
M285,306,1040,318240
M1295,292,1082,315944
M2771,296,1060,313760
M4157,306,1023,313038
M615,300,1039,311700
M3942,324,961,311364
M2519,296,1029,304584
M189,300,1010,303000
M818,295,1018,300310
M686,312,951,296712
M843,281,1050,295050
M4353,259,1116,289044
M2965,275,1039,285725
M1175,288,988,284544
M8,297,957,284229
M4100,279,994,277326
M1256,251,1102,276602
M3787,289,947,273683
M2167,267,1014,270738
M305,271,995,269645
M2135,271,979,265309
M2757,272,971,264112
M1394,300,873,261900
M1939,275,948,260700
M3535,278,930,258540
M1741,256,1007,257792
M662,264,966,255024
M3903,261,971,253431
M723,289,873,252297
M348,272,917,249424
M4271,266,937,249242
M636,264,941,248424
M900,251,985,247235
M2813,265,928,245920
M2314,261,939,245079
M256,265,922,244330
M2174,263,924,243012
M1854,274,883,241942
M3269,246,978,240588
M1632,278,862,239636
M908,241,993,239313
M996,238,986,234668
M1408,261,890,232290
M393,262,886,232132
M3437,247,927,228969
M4355,286,793,226798
M629,255,888,226440
M1707,242,934,226028
M97,239,941,224899
M1096,261,857,223677
M2340,274,805,220570
M2735,236,932,219952
M994,260,833,216580
M367,259,831,215229
M18,235,904,212440
M763,247,855,211185
M77,278,758,210724
M2441,225,930,209250
M275,237,873,206901
M2161,238,859,204442
M2775,251,811,203561
M4219,229,878,201062
M3526,250,804,201000
M1582,238,844,200872
M1476,213,938,199794
M2114,213,936,199368
M2460,245,811,198695
M2319,220,898,197560
M2422,264,748,197472
M897,243,812,197316
M1518,229,859,196711
M1969,221,882,194922
M2640,231,840,194040
M1599,231,835,192885
M3960,225,845,190125
M3444,205,919,188395
M3999,216,869,187704
M1693,247,756,186732
M152,219,838,183522
M3926,271,677,183467
M3310,228,796,181488
M1746,229,774,177246
M2548,200,876,175200
M859,227,766,173882
M4248,228,759,173052
M1925,223,773,172379
M919,231,739,170709
M563,221,766,169286
M2149,219,770,168630
M3826,216,780,168480
M166,218,761,165898
M4496,210,787,165270
M2057,193,852,164436
M3814,224,727,162848
M433,213,762,162306
M3225,221,734,162214
M3224,211,768,162048
M1955,224,718,160832
M3150,200,804,160800
M2379,207,774,160218
M3523,191,826,157766
M2040,190,829,157510
M3725,210,745,156450
M811,226,689,155714
M760,201,774,155574
M1646,206,755,155530
M4210,227,681,154587
M4490,221,699,154479
M2380,201,757,152157
M564,218,694,151292
M3835,216,699,150984
M3309,220,685,150700
M3275,230,642,147660
M2284,223,661,147403
M4380,209,702,146718
M4127,241,608,146528
M599,204,716,146064
M416,222,649,144078
M2528,210,684,143640
M1692,182,782,142324
M2478,200,711,142200
M3223,194,731,141814
M1558,208,659,137072
M1743,187,729,136323
M3226,185,728,134680
M2102,173,776,134248
M167,180,739,133020
M751,206,644,132664
M2595,193,684,132012
M2332,185,707,130795
M1264,190,688,130720
M1792,206,634,130604
M3232,185,704,130240
M4339,197,657,129429
M4331,199,649,129151
M752,171,753,128763
M44,189,681,128709
M2043,183,702,128466
M3441,204,629,128316
M1530,185,691,127835
M1502,202,620,125240
M2482,199,626,124574
M3928,172,724,124528
M2940,201,610,122610
M3342,178,683,121574
M1665,192,632,121344
M2385,180,671,120780
M689,187,639,119493
M3870,190,626,118940
M2533,189,629,118881
M3513,172,683,117476
M3935,184,638,117392
M2698,177,661,116997
M1971,187,619,115753
M216,190,608,115520
M645,172,669,115068
M3736,179,639,114381
M918,170,671,114070
M2326,172,654,112488
M3923,190,590,112100
M1543,182,604,109928
M1862,189,580,109620
M385,171,633,108243
M4386,177,609,107793
M445,172,624,107328
M3047,177,605,107085
M4207,159,669,106371
M1123,167,635,106045
M1618,161,654,105294
M2362,162,648,104976
M4012,186,563,104718
M829,179,579,103641
M459,172,602,103544
M4492,195,528,102960
M1336,185,556,102860
M1163,174,590,102660
M4145,155,662,102610
M4214,172,595,102340
M4427,150,682,102300
M3082,163,626,102038
M2899,162,628,101736
M3456,147,691,101577
M283,163,623,101549
M1532,190,533,101270
M4225,171,591,101061
M621,162,623,100926
M1673,168,599,100632
M1867,167,599,100033
M3521,157,626,98282
M1104,172,570,98040
M3379,174,562,97788
M4144,165,587,96855
M1011,171,564,96444
M156,168,571,95928
M1708,156,613,95628
M1441,146,652,95192
M3423,156,603,94068
M1094,162,579,93798
M833,162,571,92502
M674,163,566,92258
M3331,162,567,91854
M3571,175,521,91175
M3487,156,584,91104
M1060,171,527,90117
M2585,151,595,89845
M2037,162,553,89586
M580,170,524,89080
M3510,160,554,88640
M3013,161,549,88389
M1553,148,596,88208
M2916,164,536,87904
M2572,163,538,87694
M2518,160,546,87360
M2643,156,559,87204
M3862,176,493,86768
M1176,152,566,86032
M3515,165,519,85635
M2566,139,609,84651
M17,169,497,83993
M1329,159,524,83316
M670,152,548,83296
M2182,168,490,82320
M1976,157,522,81954
M954,155,528,81840
M3740,149,544,81056
M631,149,544,81056
M1224,143,564,80652
M405,145,550,79750
M668,142,559,79378
M548,162,487,78894
M1012,148,533,78884
M2078,157,502,78814
M2876,156,503,78468
M381,152,516,78432
M4147,158,496,78368
M2712,149,525,78225
M225,166,470,78020
M3608,136,571,77656
M696,148,523,77404
M3921,151,511,77161
M171,144,530,76320
M1853,147,519,76293
M953,146,520,75920
M3801,142,534,75828
M1819,158,479,75682
M4454,136,553,75208
M1026,147,511,75117
M1250,148,499,73852
M1771,171,430,73530
M992,136,537,73032
M3500,141,514,72474
M734,138,524,72312
M1300,133,542,72086
M2900,139,518,72002
M2897,151,476,71876
M1972,135,531,71685
M2464,143,500,71500
M378,155,457,70835
M1633,147,481,70707
M2574,155,455,70525
M215,132,533,70356
M4078,135,516,69660
M1479,141,483,68103
M3124,133,508,67564
M4465,137,492,67404
M2705,142,469,66598
M3174,158,420,66360
M2251,143,462,66066
M1409,122,541,66002
M4247,142,464,65888
M1860,130,501,65130
M1058,131,494,64714
M3135,137,470,64390
M1959,131,490,64190
M1098,122,524,63928
M3563,152,419,63688
M33,125,509,63625
M1001,137,458,62746
M4098,120,522,62640
M2558,144,435,62640
M3030,132,474,62568
M3796,130,477,62010
M3542,127,488,61976
M1395,124,498,61752
M3453,125,492,61500
M138,124,495,61380
M3758,149,409,60941
M4049,125,482,60250
M2590,127,471,59817
M4031,139,430,59770
M1783,129,463,59727
M3958,117,507,59319
M1068,135,438,59130
M268,124,475,58900
M1357,114,515,58710
M535,128,458,58624
M3391,121,481,58201
M4060,125,465,58125
M533,133,437,58121
M3496,133,436,57988
M517,129,449,57921
M46,123,468,57564
M4374,136,419,56984
M682,121,468,56628
M4069,124,456,56544
M2423,134,420,56280
M248,121,464,56144
M3886,125,446,55750
M2386,136,407,55352
M3276,119,465,55335
M3668,114,485,55290
M4289,126,438,55188
M422,124,442,54808
M4287,148,368,54464
M2731,136,400,54400
M825,116,468,54288
M3369,117,461,53937
M3469,118,455,53690
M652,128,417,53376
M2505,118,451,53218
M677,119,446,53074
M3397,132,399,52668
M2613,114,459,52326
M1790,116,451,52316
M1200,131,398,52138
M4360,114,454,51756
M2872,113,458,51754
M2551,113,457,51641
M2804,121,424,51304
M2188,119,428,50932
M3506,130,391,50830
M2981,116,437,50692
M907,113,448,50624
M4493,129,391,50439
M253,111,454,50394
M1947,105,479,50295
M722,111,452,50172
M2045,115,434,49910
M3093,132,376,49632
M3858,133,369,49077
M3439,112,433,48496
M725,115,419,48185
M3160,122,393,47946
M524,120,395,47400
M1151,129,367,47343
M2711,116,400,46400
M1364,114,407,46398
M2033,119,384,45696
M1245,123,371,45633
M2235,131,346,45326
M2512,115,394,45310
M2873,110,411,45210
M1795,103,438,45114
M4155,110,408,44880
M3102,112,400,44800
M3192,126,352,44352
M1756,110,401,44110
M2944,106,415,43990
M1262,116,378,43848
M1075,118,370,43660
M1844,112,389,43568
M3590,109,399,43491
M554,114,380,43320
M3054,111,388,43068
M2189,113,379,42827
M489,108,390,42120
M2375,108,388,41904
M2795,100,417,41700
M3649,106,393,41658
M1129,106,392,41552
M3573,132,314,41448
M26,118,350,41300
M3593,99,409,40491
M2104,109,370,40330
M2601,99,406,40194
M2662,105,380,39900
M817,104,382,39728
M240,100,397,39700
M1800,104,381,39624
M700,102,388,39576
M1610,101,386,38986
M262,99,392,38808
M4352,110,352,38720
M1668,107,358,38306
M1481,111,345,38295
M3582,102,373,38046
M232,109,349,38041
M3623,103,367,37801
M1757,108,350,37800
M345,94,400,37600
M52,99,376,37224
M2954,102,364,37128
M1134,103,359,36977
M499,111,333,36963
M1100,127,286,36322
M2177,104,349,36296
M3147,98,370,36260
M2701,100,361,36100
M2109,113,318,35934
M390,117,307,35919
M1399,105,339,35595
M2269,122,291,35502
M894,113,314,35482
M1816,118,300,35400
M3021,130,271,35230
M3703,103,342,35226
M2195,92,380,34960
M883,99,353,34947
M2868,105,327,34335
M420,97,353,34241
M4429,106,323,34238
M4185,91,376,34216
M1528,93,367,34131
M1837,101,337,34037
M165,92,369,33948
M1866,108,314,33912
M2256,103,327,33681
M471,91,370,33670
M2199,101,333,33633
M1401,96,350,33600
M534,102,329,33558
M646,95,351,33345
M569,97,341,33077
M1788,99,333,32967
M730,92,357,32844
M1384,96,342,32832
M1092,98,334,32732
M4033,88,369,32472
M1274,98,330,32340
M2882,98,330,32340
M4115,86,376,32336
M2302,97,333,32301
M681,97,333,32301
M1173,92,351,32292
M4040,88,363,31944
M2408,91,350,31850
M1552,91,349,31759
M425,94,337,31678
M1704,92,341,31372
M359,87,360,31320
M209,86,364,31304
M1521,93,336,31248
M638,93,333,30969
M1728,89,341,30349
M1221,94,322,30268
M3743,100,301,30100
M1043,97,308,29876
M2411,97,306,29682
M1627,89,333,29637
M78,98,300,29400
M3408,92,315,28980
M3816,95,305,28975
M4441,93,311,28923
M3777,86,334,28724
M1140,97,294,28518
M3581,95,300,28500
M3505,109,261,28449
M1794,95,298,28310
M1080,96,294,28224
M1359,88,318,27984
M2103,89,313,27857
M3084,94,295,27730
M1804,81,342,27702
M2217,93,292,27156
M1126,83,327,27141
M1103,84,320,26880
M4055,94,285,26790
M2945,94,284,26696
M48,85,312,26520
M2865,83,319,26477
M4072,88,300,26400
M436,82,317,25994
M1602,103,251,25853
M1032,82,315,25830
M289,104,248,25792
M2140,90,286,25740
M2831,81,315,25515
M4067,87,293,25491
M1421,88,288,25344
M1765,83,305,25315
M4310,92,275,25300
M3880,83,304,25232
M1216,85,296,25160
M3181,85,296,25160
M748,85,295,25075
M1735,85,295,25075
M2493,86,291,25026
M1666,93,267,24831
M3567,105,236,24780
M2304,89,278,24742
M2448,76,324,24624
M104,82,299,24518
M1885,85,288,24480
M3420,85,284,24140
M3451,82,293,24026
M1160,82,293,24026
M1455,87,272,23664
M2394,81,292,23652
M431,79,299,23621
M2861,73,323,23579
M3640,87,270,23490
M3887,80,293,23440
M3481,88,266,23408
M3321,87,269,23403
M1931,80,292,23360
M832,78,298,23244
M822,76,304,23104
M672,88,261,22968
M1142,83,276,22908
M808,83,274,22742
M438,83,273,22659
M4485,81,279,22599
M2216,86,262,22532
M643,86,261,22446
M840,76,293,22268
M986,80,276,22080
M3710,81,272,22032
M255,87,253,22011
M426,84,262,22008
M1130,79,278,21962
M1525,95,231,21945
M213,80,274,21920
M2889,80,274,21920
M362,94,233,21902
M3009,75,292,21900
M2475,85,257,21845
M1022,80,273,21840
M1373,77,283,21791
M2218,76,284,21584
M2435,88,245,21560
M4383,70,308,21560
M971,73,295,21535
M2051,77,279,21483
M1226,77,279,21483
M4007,85,251,21335
M1721,85,249,21165
M3583,84,248,20832
M3946,89,234,20826
M2228,72,288,20736
M990,74,279,20646
M2388,81,254,20574
M1759,73,280,20440
M4011,74,274,20276
M2113,81,250,20250
M2525,72,281,20232
M1234,76,266,20216
M4136,91,220,20020
M4064,80,249,19920
M1503,74,269,19906
M57,72,276,19872
M4253,71,279,19809
M4249,72,275,19800
M2521,84,235,19740
M4138,75,263,19725
M4474,78,252,19656
M4298,86,228,19608
M432,70,278,19460
M3701,75,259,19425
M79,73,266,19418
M809,73,266,19418
M1392,75,256,19200
M3615,71,267,18957
M4197,84,225,18900
M3207,71,266,18886
M2603,71,265,18815
M2921,73,257,18761
M2847,73,256,18688
M2383,73,253,18469
M3170,68,271,18428
M3086,79,232,18328
M4366,69,263,18147
M3716,69,261,18009
M3587,75,239,17925
M400,69,258,17802
M304,66,267,17622
M2823,68,255,17340
M3398,69,251,17319
M1547,69,249,17181
M3769,64,267,17088
M1120,70,244,17080
M993,74,230,17020
M2654,67,254,17018
M4237,81,210,17010
M2498,68,250,17000
M964,68,250,17000
M3095,69,245,16905
M3491,70,241,16870
M1201,71,237,16827
M398,79,213,16827
M1412,71,235,16685
M661,70,238,16660
M1291,63,263,16569
M3220,76,218,16568
M358,68,243,16524
M807,68,243,16524
M1607,72,225,16200
M2352,71,228,16188
M3984,67,241,16147
M3599,68,237,16116
M3955,64,251,16064
M3768,74,217,16058
M486,66,243,16038
M3394,66,241,15906
M4396,71,224,15904
M456,66,240,15840
M2366,70,225,15750
M2176,64,244,15616
M3672,66,236,15576
M2346,64,243,15552
M1116,73,212,15476
M3807,66,234,15444
M4027,69,223,15387
M3405,62,247,15314
M122,72,212,15264
M1297,66,229,15114
M1021,64,233,14912
M2047,68,219,14892
M3990,68,218,14824
M1132,67,221,14807
M3090,68,217,14756
M4166,65,227,14755
M2989,65,227,14755
M3416,74,199,14726
M942,70,210,14700
M561,61,237,14457
M1589,62,230,14260
M978,65,219,14235
M401,62,229,14198
M3301,63,225,14175
M3565,65,218,14170
M344,62,228,14136
M2350,63,224,14112
M3765,65,217,14105
M3495,60,235,14100
M2988,71,198,14058
M76,58,239,13862
M1923,60,231,13860
M2796,59,234,13806
M2331,63,216,13608
M1045,61,223,13603
M4168,58,234,13572
M133,61,222,13542
M659,72,188,13536
M3159,64,210,13440
M281,61,219,13359
M2651,62,215,13330
M1266,62,213,13206
M600,61,216,13176
M889,57,227,12939
M846,72,179,12888
M474,61,211,12871
M4201,65,197,12805
M505,63,201,12663
M3035,63,201,12663
M3988,62,203,12586
M4478,59,213,12567
M3975,61,206,12566
M2622,60,206,12360
M3475,55,224,12320
M1074,57,216,12312
M1994,55,223,12265
M1208,55,223,12265
M2769,57,215,12255
M3810,65,188,12220
M4177,57,214,12198
M408,60,203,12180
M2539,56,217,12152
M2727,55,220,12100
M3210,65,186,12090
M3183,56,213,11928
M2912,56,213,11928
M3559,59,202,11918
M4255,74,161,11914
M2370,59,201,11859
M127,68,174,11832
M1277,53,223,11819
M3324,56,209,11704
M2440,55,212,11660
M2338,60,193,11580
M2659,60,192,11520
M1363,66,174,11484
M3043,60,191,11460
M3295,65,176,11440
M3190,58,197,11426
M3404,57,200,11400
M181,67,170,11390
M3268,63,180,11340
M774,51,222,11322
M1471,55,203,11165
M4281,61,182,11102
M3714,60,185,11100
M2266,57,194,11058
M1834,56,197,11032
M2523,52,212,11024
M2356,66,167,11022
M4092,57,193,11001
M749,68,161,10948
M4354,64,171,10944
M1298,59,185,10915
M4450,54,200,10800
M733,56,192,10752
M2762,64,168,10752
M1856,50,215,10750
M1047,54,199,10746
M1604,52,206,10712
M956,61,175,10675
M1766,53,201,10653
M4086,56,189,10584
M3986,53,198,10494
M4054,51,205,10455
M2339,54,193,10422
M3348,51,204,10404
M2164,52,200,10400
M3532,55,189,10395
M452,59,176,10384
M575,49,211,10339
M1044,56,184,10304
M316,48,214,10272
M2974,57,180,10260
M84,56,182,10192
M2300,50,203,10150
M3529,56,181,10136
M1656,59,171,10089
M3907,55,183,10065
M3927,50,201,10050
M2129,49,205,10045
M1252,59,169,9971
M463,50,198,9900
M3830,57,173,9861
M3685,53,186,9858
M4411,53,186,9858
M3,51,193,9843
M180,51,193,9843
M952,48,205,9840
M2059,50,196,9800
M3023,48,204,9792
M657,48,203,9744
M1814,54,180,9720
M1660,49,198,9702
M4405,49,197,9653
M4372,52,185,9620
M3642,59,163,9617
M680,54,178,9612
M588,52,184,9568
M1915,48,199,9552
M2285,54,175,9450
M3120,48,195,9360
M488,51,183,9333
M1292,53,176,9328
M1218,53,175,9275
M3888,49,188,9212
M1652,47,195,9165
M185,56,163,9128
M1912,48,190,9120
M2077,51,178,9078
M2834,54,167,9018
M1513,46,196,9016
M1172,57,158,9006
M504,47,190,8930
M2638,47,190,8930
M1299,52,171,8892
M2111,47,189,8883
M2599,49,181,8869
M3422,54,164,8856
M3763,56,158,8848
M3410,48,184,8832
M1913,51,173,8823
M2908,49,179,8771
M4290,51,171,8721
M188,55,158,8690
M201,50,173,8650
M242,48,180,8640
M3812,47,183,8601
M3775,54,159,8586
M4342,46,186,8556
M2409,53,161,8533
M1664,46,185,8510
M1998,51,166,8466
M518,47,180,8460
M173,48,175,8400
M3480,49,170,8330
M4460,49,168,8232
M4442,52,158,8216
M371,45,182,8190
M2791,49,167,8183
M1432,49,166,8134
M1238,49,166,8134
M3376,47,173,8131
M676,51,159,8109
M2144,46,176,8096
M762,44,184,8096
M880,44,183,8052
M4320,46,174,8004
M3237,50,160,8000
M577,43,186,7998
M3403,47,169,7943
M1084,44,180,7920
M707,48,165,7920
M2738,51,155,7905
M55,52,152,7904
M3595,56,141,7896
M4377,56,141,7896
M1941,44,179,7876
M3077,50,157,7850
M4179,44,178,7832
M3841,47,166,7802
M2137,52,150,7800
M579,44,177,7788
M2927,44,177,7788
M2986,48,162,7776
M3949,48,162,7776
M2093,53,146,7738
M3766,52,148,7696
M3833,44,174,7656
M1694,46,166,7636
M1600,53,144,7632
M754,48,159,7632
M238,48,158,7584
M2828,50,151,7550
M693,51,148,7548
M2674,44,171,7524
M1760,50,150,7500
M2262,49,153,7497
M586,48,156,7488
M3313,55,135,7425
M3005,41,181,7421
M3863,51,145,7395
M4387,45,163,7335
M3570,44,166,7304
M3212,44,166,7304
M3773,45,162,7290
M4282,50,145,7250
M45,51,142,7242
M3242,47,154,7238
M2754,41,176,7216
M895,42,171,7182
M2732,46,156,7176
M2017,44,163,7172
M337,47,152,7144
M1282,49,145,7105
M208,47,151,7097
M2967,48,147,7056
M4045,41,172,7052
M47,47,150,7050
M1514,47,148,6956
M1210,46,151,6946
M1193,48,144,6912
M3686,46,150,6900
M2778,41,168,6888
M3306,45,153,6885
M961,45,153,6885
M32,40,172,6880
M3696,48,143,6864
M2130,43,158,6794
M1878,41,165,6765
M1089,41,165,6765
M2471,41,165,6765
M427,47,143,6721
M3733,42,160,6720
M4327,44,152,6688
M717,46,145,6670
M3266,43,155,6665
M3970,45,148,6660
M1158,44,151,6644
M1848,44,151,6644
M3662,40,166,6640
M2310,41,161,6601
M16,46,143,6578
M2668,48,137,6576
M585,41,160,6560
M3509,40,164,6560
M732,46,142,6532
M125,45,145,6525
M2132,44,148,6512
M3525,47,138,6486
M2410,44,147,6468
M850,44,147,6468
M2074,39,165,6435
M3314,45,142,6390
M2749,44,145,6380
M1911,41,155,6355
M1594,46,138,6348
M375,46,138,6348
M761,47,135,6345
M1734,44,144,6336
M2756,40,158,6320
M2316,46,137,6302
M1638,43,146,6278
M110,43,146,6278
M3421,41,153,6273
M1155,42,149,6258
M1375,42,149,6258
M3657,49,127,6223
M4161,42,148,6216
M2150,45,138,6210
M454,39,159,6201
M3229,41,151,6191
M4267,42,147,6174
M1956,41,150,6150
M1270,43,143,6149
M1236,45,136,6120
M1739,41,149,6109
M3272,42,145,6090
M3998,38,160,6080
M582,45,135,6075
M2288,39,155,6045
M1840,40,150,6000
M2724,40,150,6000
M1087,44,136,5984
M3854,38,157,5966
M2080,42,141,5922
M2337,51,116,5916
M931,44,134,5896
M1882,37,159,5883
M1655,41,141,5781
M2949,45,128,5760
M2418,38,151,5738
M1722,42,136,5712
M1278,42,136,5712
M4198,42,136,5712
M1179,40,142,5680
M2181,43,132,5676
M3264,46,122,5612
M1845,46,122,5612
M1851,40,140,5600
M2243,43,130,5590
M4407,38,147,5586
M4385,37,150,5550
M4413,44,126,5544
M2559,39,142,5538
M1922,45,123,5535
M3828,41,135,5535
M2287,43,128,5504
M4299,39,141,5499
M3145,39,139,5421
M297,42,129,5418
M360,47,115,5405
M1689,37,146,5402
M2019,36,150,5400
M4438,41,131,5371
M1372,41,130,5330
M3934,39,136,5304
M3012,36,146,5256
M4283,42,125,5250
M2277,42,124,5208
M2527,43,121,5203
M4390,40,130,5200
M634,35,148,5180
M56,38,136,5168
M1191,41,126,5166
M3208,41,126,5166
M239,37,138,5106
M2972,48,106,5088
M977,41,124,5084
M1963,41,123,5043
M502,36,140,5040
M988,37,136,5032
M4173,44,114,5016
M429,38,132,5016
M3557,43,116,4988
M476,35,142,4970
M4117,41,121,4961
M178,36,137,4932
M2405,34,145,4930
M1039,38,129,4902
M4291,38,129,4902
M4085,38,128,4864
M2687,37,131,4847
M4463,37,130,4810
M356,40,120,4800
M3000,39,123,4797
M394,36,133,4788
M2420,38,126,4788
M2852,36,133,4788
M984,38,126,4788
M1839,40,119,4760
M718,38,125,4750
M3003,36,131,4716
M1488,34,138,4692
M4346,40,117,4680
M451,33,141,4653
M3734,39,119,4641
M479,34,136,4624
M1222,34,136,4624
M2168,34,136,4624
M3221,35,131,4585
M2463,36,127,4572
M1780,38,120,4560
M1055,38,120,4560
M3072,37,123,4551
M1111,35,130,4550
M1317,33,137,4521
M1821,35,129,4515
M4254,36,125,4500
M68,32,140,4480
M4484,34,131,4454
M477,34,131,4454
M2880,35,126,4410
M3384,34,129,4386
M368,36,121,4356
M4097,37,117,4329
M1917,34,127,4318
M731,41,105,4305
M3622,35,123,4305
M4238,31,138,4278
M1450,35,122,4270
M3993,36,118,4248
M4167,35,121,4235
M2950,34,124,4216
M1276,34,124,4216
M3461,36,117,4212
M1067,36,116,4176
M2857,33,126,4158
M4131,38,109,4142
M2180,36,115,4140
M3809,39,106,4134
M949,35,118,4130
M2568,31,133,4123
M4370,37,111,4107
M2524,35,117,4095
M1031,31,132,4092
M4285,33,122,4026
M3746,33,122,4026
M492,35,115,4025
M2335,34,118,4012
M1086,34,118,4012
M3354,32,125,4000
M341,36,111,3996
M4419,33,121,3993
M1293,40,99,3960
M1260,36,110,3960
M3111,35,113,3955
M2467,39,101,3939
M1365,36,109,3924
M750,35,112,3920
M3778,35,112,3920
M2980,32,121,3872
M3965,30,129,3870
M3334,35,110,3850
M2398,32,120,3840
M4189,32,120,3840
M71,31,123,3813
M4328,34,112,3808
M2276,43,88,3784
M3872,30,126,3780
M4381,30,125,3750
M2020,30,125,3750
M2884,35,107,3745
M485,32,117,3744
M3116,32,117,3744
M2801,37,101,3737
M2431,32,116,3712
M1801,32,116,3712
M4229,32,116,3712
M4482,36,103,3708
M3375,34,109,3706
M2896,34,109,3706
M227,31,119,3689
M1485,32,115,3680
M1999,35,105,3675
M2328,39,94,3666
M1768,33,111,3663
M4106,35,104,3640
M206,31,117,3627
M849,32,113,3616
M2155,38,95,3610
M1229,35,103,3605
M1807,37,97,3589
M4164,32,112,3584
M1004,34,105,3570
M1017,30,119,3570
M1606,35,102,3570
M2226,31,115,3565
M3976,33,108,3564
M363,37,96,3552
M1243,29,122,3538
M2529,31,114,3534
M511,36,98,3528
M1507,32,110,3520
M3152,33,106,3498
M4150,33,106,3498
M4415,30,116,3480
M2798,33,105,3465
M4268,32,108,3456
M2279,31,111,3441
M2069,31,111,3441
M1991,38,90,3420
M3081,30,114,3420
M3524,30,114,3420
M724,28,122,3416
M2870,33,103,3399
M1139,29,116,3364
M3889,35,96,3360
M3390,31,107,3317
M2693,36,92,3312
M857,28,118,3304
M881,32,103,3296
M3107,31,106,3286
M2479,29,113,3277
M1352,29,113,3277
M673,29,113,3277
M1213,28,117,3276
M596,33,99,3267
M1687,30,108,3240
M2794,30,108,3240
M3122,32,101,3232
M4119,31,104,3224
M1789,28,115,3220
M2843,40,80,3200
M2023,31,103,3193
M2384,29,110,3190
M3533,29,110,3190
M4398,31,102,3162
M776,33,95,3135
M3546,29,106,3074
M641,29,106,3074
M898,31,99,3069
M3283,28,109,3052
M1105,29,105,3045
M1346,29,105,3045
M3881,30,101,3030
M871,27,112,3024
M4270,30,100,3000
M2203,27,111,2997
M2610,29,103,2987
M943,28,106,2968
M430,26,114,2964
M288,29,102,2958
M1157,31,95,2945
M3335,32,92,2944
M1231,27,109,2943
M3419,28,105,2940
M417,25,117,2925
M3911,31,94,2914
M1335,26,112,2912
M338,28,104,2912
M3896,29,100,2900
M3530,29,100,2900
M1802,29,99,2871
M2939,29,99,2871
M982,28,102,2856
M4042,30,95,2850
M3076,32,89,2848
M462,27,105,2835
M3367,30,94,2820
M1051,30,94,2820
M1443,29,97,2813
M2789,29,97,2813
M325,26,108,2808
M3010,27,104,2808
M1778,28,100,2800
M3374,28,99,2772
M4010,28,99,2772
M2708,30,92,2760
M560,26,106,2756
M1581,28,98,2744
M2433,27,101,2727
M3305,27,101,2727
M3659,27,101,2727
M1678,28,97,2716
M1318,31,87,2697
M3184,28,96,2688
M595,26,103,2678
M1316,26,103,2678
M3794,25,107,2675
M3227,29,92,2668
M2663,31,86,2666
M4074,28,95,2660
M3625,28,95,2660
M3316,32,83,2656
M3323,27,98,2646
M2127,30,88,2640
M4005,27,97,2619
M418,32,81,2592
M117,27,96,2592
M1118,27,96,2592
M1556,29,89,2581
M3944,30,86,2580
M1037,30,86,2580
M395,25,102,2550
M2299,25,102,2550
M4489,26,98,2548
M2808,26,98,2548
M4278,30,84,2520
M3865,34,74,2516
M3932,27,93,2511
M4367,26,96,2496
M514,25,99,2475
M2503,25,99,2475
M25,25,99,2475
M642,26,95,2470
M3449,28,88,2464
M2096,30,82,2460
M3026,27,91,2457
M3438,24,102,2448
M2317,28,87,2436
M4414,32,76,2432
M783,27,90,2430
M2018,25,97,2425
M1114,28,86,2408
M3455,28,86,2408
M1830,26,92,2392
M2306,28,85,2380
M3784,24,99,2376
M2486,25,95,2375
M960,27,87,2349
M4257,26,90,2340
M259,26,90,2340
M1447,28,83,2324
M1773,23,101,2323
M4336,27,86,2322
M1500,24,96,2304
M4335,25,92,2300
M3808,29,79,2291
M837,24,95,2280
M1647,24,94,2256
M2013,27,83,2241
M1524,28,80,2240
M2120,26,86,2236
M3847,25,89,2225
M3634,28,79,2212
M350,24,92,2208
M3073,22,100,2200
M3057,23,95,2185
M1817,26,84,2184
M2424,25,87,2175
M3177,23,94,2162
M342,24,90,2160
M168,24,90,2160
M2684,28,77,2156
M1249,25,86,2150
M2962,25,86,2150
M267,24,89,2136
M507,24,89,2136
M1622,26,82,2132
M475,26,81,2106
M4068,28,75,2100
M1499,22,95,2090
M1203,24,87,2088
M2006,29,72,2088
M2513,23,90,2070
M106,22,94,2068
M2686,24,85,2040
M3591,24,85,2040
M2510,27,75,2025
M1323,25,81,2025
M873,25,81,2025
M5,22,92,2024
M4279,23,88,2024
M1353,24,84,2016
M4340,24,84,2016
M3759,26,77,2002
M755,23,87,2001
M806,23,87,2001
M1164,25,80,2000
M934,24,83,1992
M3011,28,71,1988
M88,23,86,1978
M980,23,86,1978
M2784,25,79,1975
M4103,27,73,1971
M543,24,82,1968
M3442,22,89,1958
M2067,23,85,1955
M4259,23,85,1955
M3432,24,81,1944
M1389,22,88,1936
M2928,21,92,1932
M4184,25,77,1925
M107,25,77,1925
M3020,22,87,1914
M2407,25,76,1900
M1782,25,76,1900
M3196,26,73,1898
M4244,24,79,1896
M1008,22,86,1892
M2108,22,86,1892
M4052,27,70,1890
M3749,25,75,1875
M36,24,78,1872
M3747,22,85,1870
M824,22,85,1870
M2768,23,81,1863
M2697,25,74,1850
M414,25,74,1850
M2341,25,74,1850
M2271,22,84,1848
M555,21,87,1827
M1629,22,83,1826
M2022,23,79,1817
M3039,23,79,1817
M1634,22,82,1804
M3215,29,62,1798
M155,23,78,1794
M4263,26,69,1794
M1987,21,85,1785
M2301,23,77,1771
M3119,21,84,1764
M947,21,84,1764
M1679,21,83,1743
M799,21,83,1743
M4449,21,83,1743
M2606,22,79,1738
M24,24,71,1704
M132,23,74,1702
M4129,20,85,1700
M839,20,85,1700
M1391,21,80,1680
M1749,21,80,1680
M1926,25,67,1675
M1195,20,83,1660
M1,21,79,1659
M2175,21,79,1659
M113,21,79,1659
M4317,23,72,1656
M3882,24,69,1656
M4394,28,59,1652
M386,25,66,1650
M1526,22,74,1628
M467,22,74,1628
M719,23,70,1610
M212,23,70,1610
M3402,22,73,1606
M694,20,80,1600
M3025,21,76,1596
M3129,23,69,1587
M1237,24,66,1584
M4122,21,75,1575
M1187,21,75,1575
M4350,20,78,1560
M397,19,82,1558
M4181,21,74,1554
M929,21,74,1554
M2368,21,74,1554
M1033,25,62,1550
M2010,22,70,1540
M1041,21,73,1533
M1061,19,80,1520
M4124,20,76,1520
M2891,23,66,1518
M2692,19,79,1501
M2403,20,75,1500
M160,22,68,1496
M2647,23,65,1495
M2520,23,65,1495
M81,21,71,1491
M2028,24,62,1488
M2086,20,74,1480
M455,20,74,1480
M3961,20,74,1480
M4026,22,67,1474
M4333,19,77,1463
M3914,19,77,1463
M3470,20,73,1460
M2623,22,66,1452
M2414,22,66,1452
M2565,25,58,1450
M712,19,76,1444
M3690,20,72,1440
M2472,24,60,1440
M1619,20,72,1440
M3995,22,65,1430
M2814,22,65,1430
M4163,19,75,1425
M663,18,79,1422
M1967,20,71,1420
M1893,21,67,1407
M3332,26,54,1404
M2101,18,78,1404
M2931,23,61,1403
M2737,23,61,1403
M29,19,73,1387
M999,22,63,1386
M2213,21,66,1386
M224,20,69,1380
M624,20,69,1380
M4187,23,60,1380
M1658,19,72,1368
M2220,19,72,1368
M4452,22,62,1364
M3163,20,68,1360
M2506,18,75,1350
M3303,18,75,1350
M410,19,71,1349
M1405,19,71,1349
M1165,21,64,1344
M2239,22,61,1342
M2374,20,67,1340
M1069,18,74,1332
M3679,18,74,1332
M1818,19,70,1330
M4050,20,66,1320
M1460,20,66,1320
M1121,20,66,1320
M3139,18,73,1314
M2056,19,69,1311
M1654,21,62,1302
M1426,20,65,1300
M211,18,72,1296
M3569,18,72,1296
M3357,21,61,1281
M1170,20,64,1280
M3804,20,64,1280
M1699,20,64,1280
M1248,18,71,1278
M1730,18,71,1278
M861,17,75,1275
M3708,19,67,1273
M1988,19,67,1273
M2214,18,70,1260
M4468,18,70,1260
M384,18,70,1260
M3317,21,60,1260
M566,20,63,1260
M231,20,63,1260
M1418,17,74,1258
M1254,19,66,1254
M4483,19,66,1254
M4296,19,66,1254
M2097,19,66,1254
M2063,19,65,1235
M1573,22,56,1232
M2676,17,72,1224
M2628,18,68,1224
M2575,17,72,1224
M2673,20,61,1220
M116,19,64,1216
M2229,19,64,1216
M6,19,64,1216
M866,18,67,1206
M3783,20,60,1200
M1613,20,60,1200
M4224,19,63,1197
M4308,19,63,1197
M2641,21,57,1197
M3492,19,63,1197
M2561,19,63,1197
M685,18,66,1188
M2169,20,59,1180
M3613,20,59,1180
M3534,20,58,1160
M2776,19,61,1159
M4209,19,61,1159
M2787,17,68,1156
M251,17,68,1156
M4439,18,64,1152
M1857,17,67,1139
M1710,18,63,1134
M906,18,63,1134
M1402,17,66,1122
M3029,22,51,1122
M1024,19,59,1121
M3486,19,59,1121
M2968,20,56,1120
M1006,16,70,1120
M3325,20,56,1120
M1781,18,62,1116
M2158,17,65,1105
M4008,17,65,1105
M2688,16,69,1104
M1137,18,61,1098
M786,18,61,1098
M1492,21,52,1092
M667,17,64,1088
M4409,16,68,1088
M1446,17,64,1088
M1598,19,57,1083
M2658,19,57,1083
M194,19,57,1083
M3724,18,60,1080
M1143,17,63,1071
M1563,17,63,1071
M1448,17,63,1071
M2026,17,63,1071
M2283,19,56,1064
M1167,18,59,1062
M1062,17,62,1054
M3278,17,62,1054
M921,18,58,1044
M2236,16,65,1040
M2194,16,65,1040
M3464,20,52,1040
M369,18,57,1026
M3737,19,54,1026
M1932,18,57,1026
M2100,18,57,1026
M2685,19,54,1026
M1296,19,54,1026
M3700,16,64,1024
M2958,17,60,1020
M1616,16,63,1008
M39,19,53,1007
M2062,15,67,1005
M647,17,59,1003
M1377,17,59,1003
M3968,17,59,1003
M2131,20,50,1000
M602,20,50,1000
M2098,16,62,992
M1774,16,62,992
M4029,16,62,992
M617,16,62,992
M2841,18,55,990
M1891,18,55,990
M274,18,55,990
M1347,17,58,986
M1000,17,58,986
M1424,20,49,980
M2811,15,65,975
M3915,15,65,975
M1029,18,54,972
M3471,18,54,972
M3343,17,57,969
M1775,17,57,969
M115,16,60,960
M4013,16,60,960
M3262,18,53,954
M2875,17,56,952
M490,17,56,952
M637,17,56,952
M3176,17,56,952
M532,17,56,952
M2758,17,56,952
M2357,15,63,945
M4048,16,59,944
M3062,16,59,944
M1550,17,55,935
M3134,17,55,935
M210,17,55,935
M129,19,49,931
M2716,19,49,931
M1306,15,62,930
M73,15,62,930
M263,15,62,930
M2454,16,58,928
M4378,16,58,928
M1733,16,58,928
M1572,17,54,918
M2324,18,51,918
M4476,15,61,915
M38,19,48,912
M2885,19,48,912
M3757,16,57,912
M2458,17,53,901
M126,17,53,901
M2853,17,53,901
M1434,15,60,900
M4273,15,59,885
M893,15,59,885
M3112,15,59,885
M1186,17,52,884
M2333,18,49,882
M3978,18,49,882
M1259,16,55,880
M1015,16,55,880
M3677,15,58,870
M2476,15,58,870
M302,17,51,867
M4019,17,51,867
M279,16,54,864
M589,20,43,860
M3133,15,57,855
M967,15,57,855
M3859,17,50,850
M1776,16,53,848
M2976,16,53,848
M3388,18,47,846
M2432,18,47,846
M1631,15,56,840
M2296,15,56,840
M935,14,60,840
M3943,17,49,833
M322,17,49,833
M1580,17,49,833
M4014,17,49,833
M2378,14,59,826
M3838,14,59,826
M2895,14,59,826
M2397,15,55,825
M4051,15,55,825
M3751,15,55,825
M472,16,51,816
M768,16,51,816
M1400,17,48,816
M3209,15,54,810
M606,15,54,810
M349,18,45,810
M2971,16,50,800
M1769,16,50,800
M2994,16,50,800
M2198,17,47,799
M3633,14,57,798
M2359,14,57,798
M2893,15,53,795
M2024,14,56,784
M2886,14,56,784
M3187,16,49,784
M2142,14,56,784
M584,16,49,784
M3236,17,46,782
M3142,17,46,782
M1892,15,52,780
M1593,14,55,770
M764,14,55,770
M2223,16,48,768
M3851,13,59,767
M3699,15,51,765
M3249,17,45,765
M576,15,51,765
M3987,14,54,756
M1697,14,54,756
M715,14,54,756
M1128,16,47,752
M89,16,47,752
M3065,15,50,750
M3231,14,53,742
M1838,14,53,742
M391,14,53,742
M229,13,57,741
M3667,20,37,740
M4288,16,46,736
M706,15,49,735
M2677,15,49,735
M2322,15,49,735
M1240,15,49,735
M3654,15,49,735
M3687,14,52,728
M3425,13,56,728
M1596,14,52,728
M4165,18,40,720
M3950,13,55,715
M1842,13,55,715
M2892,14,51,714
M2351,14,51,714
M280,14,51,714
M1535,14,51,714
M2412,14,51,714
M1076,14,51,714
M461,15,47,705
M2473,15,47,705
M4497,16,44,704
M164,16,44,704
M794,16,44,704
M4088,13,54,702
M3868,13,54,702
M2068,13,54,702
M298,14,50,700
M2849,14,50,700
M35,15,46,690
M2937,15,46,690
M1715,15,46,690
M1981,15,46,690
M1948,16,43,688
M930,14,49,686
M3258,14,49,686
M2099,14,49,686
M2081,14,48,672
M4099,14,48,672
M3852,13,51,663
M868,13,51,663
M421,13,51,663
M3330,13,51,663
M2542,15,44,660
M495,15,44,660
M1048,15,44,660
M3652,14,47,658
M1727,16,41,656
M4118,12,54,648
M3745,17,38,646
M4221,15,43,645
M3781,14,46,644
M114,14,46,644
M2747,16,40,640
M572,13,49,637
M2825,13,49,637
M1973,13,49,637
M1965,13,49,637
M91,12,53,636
M3909,12,53,636
M743,14,45,630
M3091,15,42,630
M2116,17,37,629
M2259,12,52,624
M2689,13,48,624
M500,13,48,624
M3028,14,44,616
M1797,14,44,616
M3287,14,44,616
M1667,14,44,616
M3228,14,44,616
M3143,15,41,615
M339,12,51,612
M4105,12,51,612
M1263,13,47,611
M3387,13,47,611
M2265,16,38,608
M3545,16,38,608
M773,14,43,602
M739,14,43,602
M3951,14,43,602
M2206,12,50,600
M609,13,46,598
M1990,13,46,598
M3175,13,46,598
M2091,13,46,598
M1874,13,46,598
M1023,13,46,598
M1683,14,42,588
M2649,12,49,588
M2315,12,49,588
M2246,14,42,588
M1182,13,45,585
M3815,13,45,585
M453,13,45,585
M552,13,45,585
M4094,13,45,585
M2312,12,48,576
M1880,12,48,576
M4334,14,41,574
M2644,13,44,572
M3912,13,44,572
M3248,13,44,572
M2898,13,44,572
M1211,15,38,570
M2733,15,38,570
M558,12,47,564
M4258,12,47,564
M4116,12,47,564
M2205,11,51,561
M1786,14,40,560
M389,14,40,560
M2739,13,43,559
M439,13,43,559
M3063,13,43,559
M261,12,46,552
M1529,12,46,552
M655,12,46,552
M2903,13,42,546
M4293,14,39,546
M4357,13,42,546
M4146,14,39,546
M1531,13,42,546
M1366,14,39,546
M1674,12,45,540
M2878,12,45,540
M1648,12,45,540
M4133,13,41,533
M497,13,41,533
M1560,13,41,533
M4015,14,38,532
M526,14,38,532
M2695,12,44,528
M3906,12,44,528
M3596,12,44,528
M157,13,40,520
M3273,13,40,520
M271,13,40,520
M250,13,40,520
M2982,14,37,518
M3536,14,37,518
M3820,14,37,518
M3821,14,37,518
M4348,11,47,517
M3739,11,47,517
M2469,12,43,516
M3666,12,43,516
M2985,12,43,516
M2500,13,39,507
M3318,13,39,507
M4499,14,36,504
M1506,12,42,504
M2656,12,42,504
M2004,14,36,504
M1943,13,38,494
M1438,13,38,494
M1146,12,41,492
M2106,12,41,492
M836,12,41,492
M4240,12,41,492
M2665,11,44,484
M3240,11,44,484
M346,13,37,481
M3735,13,37,481
M1711,13,37,481
M3675,13,37,481
M925,12,40,480
M1787,12,40,480
M553,12,40,480
M3772,15,32,480
M1381,12,40,480
M3075,12,40,480
M2726,12,40,480
M3803,12,40,480
M2856,14,34,476
M109,14,34,476
M2048,11,43,473
M4495,11,43,473
M1230,10,47,470
M4082,13,36,468
M1420,13,36,468
M2230,12,39,468
M3092,13,36,468
M3401,12,39,468
M3299,12,39,468
M3255,14,33,462
M3974,11,42,462
M2812,11,42,462
M1303,11,42,462
M781,11,42,462
M3157,12,38,456
M1042,12,38,456
M3200,12,38,456
M3476,12,38,456
M3155,13,35,455
M1070,13,35,455
M3712,13,35,455
M4066,11,41,451
M3482,11,41,451
M3281,11,41,451
M2845,11,41,451
M4174,11,41,451
M2477,14,32,448
M3979,12,37,444
M4456,12,37,444
M1217,12,37,444
M3217,12,37,444
M1049,12,37,444
M3721,12,37,444
M2552,13,34,442
M3585,13,34,442
M3188,11,40,440
M1251,11,40,440
M2034,11,40,440
M779,14,31,434
M2344,12,36,432
M2867,12,36,432
M664,12,36,432
M2390,12,36,432
M2447,12,36,432
M2514,11,39,429
M4473,11,39,429
M2773,11,39,429
M2772,11,39,429
M1491,11,39,429
M3018,11,39,429
M2645,14,30,420
M1464,12,35,420
M2008,12,35,420
M3389,10,42,420
M2589,12,35,420
M2146,10,42,420
M3813,12,35,420
M1672,10,42,420
M1551,11,38,418
M3719,11,38,418
M3336,11,38,418
M853,11,38,418
M3849,16,26,416
M2579,13,32,416
M1557,12,34,408
M2816,11,37,407
M2509,11,37,407
M161,11,37,407
M633,11,37,407
M640,11,37,407
M3674,11,37,407
M2429,11,37,407
M247,11,37,407
M951,11,37,407
M2838,13,31,403
M2160,10,40,400
M3913,10,40,400
M4467,10,40,400
M814,12,33,396
M4061,12,33,396
M601,11,36,396
M162,11,36,396
M2661,11,36,396
M2713,11,36,396
M19,11,36,396
M95,12,33,396
M3141,12,33,396
M3103,14,28,392
M1319,11,35,385
M4312,11,35,385
M2997,11,35,385
M3616,11,35,385
M2763,11,35,385
M848,11,35,385
M131,12,32,384
M1628,10,38,380
M901,10,38,380
M3797,10,38,380
M1272,10,38,380
M690,10,38,380
M1729,10,38,380
M3641,13,29,377
M3606,11,34,374
M2615,11,34,374
M1312,12,31,372
M3263,10,37,370
M1453,10,37,370
M780,10,37,370
M2839,10,37,370
M2631,10,37,370
M885,11,33,363
M536,11,33,363
M2653,11,33,363
M2869,11,33,363
M2014,11,33,363
M2633,11,33,363
M1934,11,33,363
M4178,9,40,360
M3971,10,36,360
M957,10,36,360
M1413,10,36,360
M1617,12,30,360
M4321,10,36,360
M983,12,30,360
M1358,10,36,360
M2496,10,36,360
M4182,11,32,352
M309,11,32,352
M1828,11,32,352
M4134,9,39,351
M3643,10,35,350
M195,10,35,350
M1280,10,35,350
M3450,10,35,350
M1564,10,35,350
M3767,10,35,350
M2546,12,29,348
M4041,9,38,342
M2691,9,38,342
M3791,11,31,341
M2719,10,34,340
M3842,10,34,340
M1576,10,34,340
M1233,10,34,340
M4461,10,34,340
M3718,12,28,336
M4077,12,28,336
M1725,14,24,336
M3671,9,37,333
M2134,9,37,333
M4208,10,33,330
M1171,10,33,330
M3750,10,33,330
M4095,11,30,330
M3413,10,33,330
M2515,10,33,330
M620,11,30,330
M1559,11,30,330
M804,9,36,324
M2547,10,32,320
M202,10,32,320
M998,10,32,320
M2797,10,32,320
M1387,11,29,319
M1875,11,29,319
M1745,11,29,319
M2581,9,35,315
M1784,9,35,315
M3247,9,35,315
M333,9,35,315
M3664,10,31,310
M23,10,31,310
M1225,10,31,310
M3373,10,31,310
M1586,11,28,308
M1933,11,28,308
M2650,11,28,308
M3598,11,28,308
M2413,9,34,306
M2480,9,34,306
M4323,9,34,306
M777,9,34,306
M1510,9,34,306
M1793,8,38,304
M380,10,30,300
M3411,10,30,300
M1515,10,30,300
M2567,10,30,300
M2597,10,30,300
M1588,10,30,300
M3293,10,30,300
M387,9,33,297
M2485,9,33,297
M503,9,33,297
M74,9,33,297
M2325,9,33,297
M2526,9,33,297
M3959,9,33,297
M3789,9,33,297
M1355,9,33,297
M933,8,37,296
M835,10,29,290
M217,10,29,290
M632,10,29,290
M1489,10,29,290
M3574,9,32,288
M3802,9,32,288
M3512,9,32,288
M2076,9,32,288
M2442,9,32,288
M314,9,32,288
M709,9,32,288
M4280,9,32,288
M2750,9,32,288
M3185,12,24,288
M3195,8,36,288
M721,11,26,286
M3477,11,26,286
M1978,11,26,286
M49,8,35,280
M40,10,28,280
M153,10,28,280
M852,10,28,280
M2522,8,35,280
M4261,8,35,280
M2286,10,28,280
M3127,10,28,280
M3126,10,28,280
M2250,9,31,279
M4102,9,31,279
M4406,9,31,279
M1691,9,31,279
M1887,9,31,279
M3678,11,25,275
M1644,8,34,272
M892,9,30,270
M911,9,30,270
M1018,9,30,270
M3289,9,30,270
M2706,9,30,270
M3741,9,30,270
M3049,9,30,270
M1462,9,30,270
M771,10,27,270
M3484,10,27,270
M3051,10,27,270
M4274,10,27,270
M1469,10,27,270
M2244,10,27,270
M1287,10,27,270
M2297,9,30,270
M3520,9,30,270
M902,11,24,264
M404,11,24,264
M123,11,24,264
M2984,8,33,264
M2700,8,33,264
M3004,9,29,261
M102,9,29,261
M3876,9,29,261
M3101,9,29,261
M4412,9,29,261
M2064,9,29,261
M3218,9,29,261
M2240,10,26,260
M2881,10,26,260
M4196,8,32,256
M2085,8,32,256
M1056,8,32,256
M2011,8,32,256
M1350,8,32,256
M4470,8,32,256
M1360,11,23,253
M3340,9,28,252
M2293,9,28,252
M2141,9,28,252
M176,9,28,252
M2678,10,25,250
M3007,10,25,250
M120,10,25,250
M2806,8,31,248
M965,8,31,248
M1686,8,31,248
M4222,8,31,248
M3117,8,31,248
M292,8,31,248
M3600,9,27,243
M491,9,27,243
M3811,9,27,243
M628,9,27,243
M1935,9,27,243
M4121,9,27,243
M2858,9,27,243
M701,12,20,240
M2237,8,30,240
M1827,8,30,240
M323,10,24,240
M2827,7,34,238
M1945,9,26,234
M2621,9,26,234
M2888,9,26,234
M1748,9,26,234
M3490,9,26,234
M2289,9,26,234
M1796,8,29,232
M519,8,29,232
M1523,8,29,232
M4204,8,29,232
M2221,8,29,232
M1014,8,29,232
M4063,8,29,232
M3068,8,29,232
M3245,8,29,232
M1676,9,25,225
M1511,9,25,225
M1870,9,25,225
M547,9,25,225
M1313,9,25,225
M1135,7,32,224
M96,8,28,224
M1825,8,28,224
M1108,8,28,224
M1487,8,28,224
M2802,8,28,224
M3380,10,22,220
M458,7,31,217
M3201,8,27,216
M3202,8,27,216
M3948,9,24,216
M842,8,27,216
M65,9,24,216
M4448,8,27,216
M512,9,24,216
M1150,8,27,216
M3576,9,24,216
M2951,9,24,216
M435,8,27,216
M1879,8,27,216
M3673,9,24,216
M1194,8,27,216
M2767,8,27,216
M3055,7,30,210
M1536,10,21,210
M1036,7,30,210
M3338,7,30,210
M2401,10,21,210
M3204,11,19,209
M90,8,26,208
M4137,8,26,208
M3426,8,26,208
M3472,8,26,208
M2508,8,26,208
M303,8,26,208
M3048,8,26,208
M2605,8,26,208
M3304,9,23,207
M4140,9,23,207
M2694,9,23,207
M4343,9,23,207
M1115,9,23,207
M855,9,23,207
M2670,9,23,207
M2439,7,29,203
M4148,7,29,203
M2321,7,29,203
M2490,7,29,203
M310,8,25,200
M3327,8,25,200
M1996,8,25,200
M738,8,25,200
M3006,8,25,200
M3646,8,25,200
M1914,8,25,200
M2964,8,25,200
M3631,8,25,200
M1951,8,25,200
M1546,8,25,200
M4084,8,25,200
M1738,8,25,200
M527,9,22,198
M2156,9,22,198
M613,9,22,198
M1592,9,22,198
M2961,9,22,198
M1669,7,28,196
M3682,7,28,196
M891,7,28,196
M3568,7,28,196
M145,8,24,192
M2840,8,24,192
M3531,8,24,192
M3967,8,24,192
M1097,8,24,192
M4426,8,24,192
M1490,8,24,192
M2746,8,24,192
M3799,8,24,192
M591,8,24,192
M1484,8,24,192
M1005,8,24,192
M2642,8,24,192
M80,8,24,192
M797,8,24,192
M1651,8,24,192
M1423,10,19,190
M1085,9,21,189
M1608,7,27,189
M4037,7,27,189
M1149,7,27,189
M3655,9,21,189
M2584,7,27,189
M1473,7,27,189
M3233,7,27,189
M3307,7,27,189
M3121,7,27,189
M2044,9,21,189
M3561,11,17,187
M260,8,23,184
M70,8,23,184
M294,8,23,184
M205,8,23,184
M1831,8,23,184
M1718,8,23,184
M4371,8,23,184
M184,8,23,184
M618,8,23,184
M2075,8,23,184
M1273,8,23,184
M3937,8,23,184
M3857,8,23,184
M2630,7,26,182
M4004,7,26,182
M2943,7,26,182
M3982,7,26,182
M2133,7,26,182
M974,7,26,182
M3279,7,26,182
M3164,7,26,182
M1206,7,26,182
M3539,7,26,182
M3503,7,26,182
M1101,7,26,182
M1723,9,20,180
M146,8,22,176
M1751,8,22,176
M4388,8,22,176
M3720,8,22,176
M2029,8,22,176
M1579,8,22,176
M1726,8,22,176
M796,7,25,175
M3329,7,25,175
M2625,7,25,175
M671,7,25,175
M1223,7,25,175
M3819,7,25,175
M282,7,25,175
M4110,7,25,175
M1946,7,25,175
M409,7,25,175
M4093,8,21,168
M2208,7,24,168
M1403,8,21,168
M3704,7,24,168
M1497,8,21,168
M1716,7,24,168
M1549,8,21,168
M909,8,21,168
M3125,7,24,168
M246,7,24,168
M3517,7,24,168
M2544,7,24,168
M4062,7,24,168
M623,7,24,168
M4434,7,24,168
M308,7,24,168
M3827,7,24,168
M101,8,21,168
M1937,9,18,162
M1279,6,27,162
M3345,6,27,162
M4073,6,27,162
M3904,7,23,161
M556,7,23,161
M3885,7,23,161
M688,7,23,161
M3149,7,23,161
M522,7,23,161
M144,7,23,161
M4232,7,23,161
M3823,7,23,161
M466,7,23,161
M4491,7,23,161
M3933,7,23,161
M3779,7,23,161
M3702,7,23,161
M1889,7,23,161
M2932,7,23,161
M1077,7,23,161
M3899,7,23,161
M3898,7,23,161
M970,8,20,160
M531,8,20,160
M1569,10,16,160
M1684,8,20,160
M1388,8,20,160
M856,8,20,160
M446,8,20,160
M2046,8,20,160
M1215,8,20,160
M2723,6,26,156
M2459,7,22,154
M4358,7,22,154
M478,7,22,154
M2055,7,22,154
M890,7,22,154
M3271,7,22,154
M2826,7,22,154
M3755,7,22,154
M625,9,17,153
M1374,8,19,152
M1970,8,19,152
M179,8,19,152
M441,6,25,150
M4194,6,25,150
M3180,6,25,150
M1162,6,25,150
M2264,6,25,150
M791,6,25,150
M4104,6,25,150
M3458,7,21,147
M2303,7,21,147
M912,7,21,147
M1344,7,21,147
M366,7,21,147
M3957,7,21,147
M4498,9,16,144
M1038,6,24,144
M2721,8,18,144
M1903,8,18,144
M2406,6,24,144
M1777,6,24,144
M863,6,24,144
M3123,8,18,144
M460,8,18,144
M622,7,20,140
M2225,7,20,140
M666,7,20,140
M3707,7,20,140
M3485,7,20,140
M3651,7,20,140
M1286,7,20,140
M4152,7,20,140
M233,7,20,140
M4451,7,20,140
M1271,6,23,138
M1444,6,23,138
M4079,6,23,138
M3288,6,23,138
M287,6,23,138
M437,6,23,138
M2652,6,23,138
M2281,6,23,138
M2995,6,23,138
M1228,6,23,138
M2517,6,23,138
M3665,8,17,136
M2053,8,17,136
M2626,8,17,136
M3424,9,15,135
M4250,7,19,133
M235,7,19,133
M3104,7,19,133
M419,7,19,133
M2272,7,19,133
M3691,7,19,133
M767,7,19,133
M3070,7,19,133
M2052,7,19,133
M1310,7,19,133
M1936,7,19,133
M1059,7,19,133
M4431,7,19,133
M3945,7,19,133
M1119,7,19,133
M4295,7,19,133
M2855,7,19,133
M1253,6,22,132
M899,6,22,132
M1761,6,22,132
M1099,6,22,132
M3717,6,22,132
M958,6,22,132
M3365,6,22,132
M877,6,22,132
M529,6,22,132
M4153,8,16,128
M1533,6,21,126
M1113,6,21,126
M2066,6,21,126
M573,7,18,126
M3630,6,21,126
M838,7,18,126
M4251,6,21,126
M2282,6,21,126
M653,7,18,126
M487,6,21,126
M2494,7,18,126
M3038,7,18,126
M2933,7,18,126
M704,6,21,126
M1930,7,18,126
M2538,9,14,126
M3760,6,21,126
M170,6,21,126
M221,6,21,126
M3292,6,21,126
M3291,6,21,126
M1575,6,21,126
M3044,6,21,126
M376,6,21,126
M4440,7,18,126
M190,7,18,126
M1063,7,18,126
M1737,6,20,120
M3653,6,20,120
M2025,6,20,120
M3554,5,24,120
M3527,6,20,120
M1207,6,20,120
M4038,6,20,120
M735,6,20,120
M317,6,20,120
M2007,6,20,120
M4001,6,20,120
M2165,6,20,120
M2222,6,20,120
M1639,6,20,120
M306,6,20,120
M1477,6,20,120
M4477,6,20,120
M2468,6,20,120
M265,6,20,120
M1181,6,20,120
M3952,6,20,120
M1675,6,20,120
M1156,8,15,120
M2715,7,17,119
M470,7,17,119
M3555,7,17,119
M2956,7,17,119
M3286,7,17,119
M3443,7,17,119
M916,5,23,115
M3406,6,19,114
M324,6,19,114
M1695,6,19,114
M2487,6,19,114
M1501,6,19,114
M2593,6,19,114
M2042,6,19,114
M220,6,19,114
M2883,6,19,114
M3983,6,19,114
M3873,6,19,114
M4030,6,19,114
M803,7,16,112
M3372,7,16,112
M388,7,16,112
M4047,7,16,112
M137,7,16,112
M594,7,16,112
M2860,7,16,112
M3994,7,16,112
M2818,5,22,110
M710,5,22,110
M37,5,22,110
M728,6,18,108
M3146,6,18,108
M2501,6,18,108
M4444,6,18,108
M2664,6,18,108
M4,6,18,108
M4421,6,18,108
M2211,6,18,108
M3031,6,18,108
M3537,6,18,108
M1823,6,18,108
M4036,6,18,108
M3839,6,18,108
M2260,6,18,108
M1809,6,18,108
M94,6,18,108
M2925,5,21,105
M2305,5,21,105
M15,5,21,105
M1895,7,15,105
M72,5,21,105
M4191,5,21,105
M2541,7,15,105
M3382,7,15,105
M3834,7,15,105
M972,5,21,105
M1681,6,17,102
M2877,6,17,102
M2474,6,17,102
M1826,6,17,102
M1611,6,17,102
M2582,6,17,102
M2491,6,17,102
M4234,6,17,102
M932,6,17,102
M3726,6,17,102
M928,6,17,102
M955,6,17,102
M1315,6,17,102
M4087,6,17,102
M702,6,17,102
M546,6,17,102
M3494,6,17,102
M3584,6,17,102
M630,6,17,102
M537,6,17,102
M3250,6,17,102
M1520,6,17,102
M605,6,17,102
M4276,6,17,102
M1712,6,17,102
M4305,5,20,100
M699,5,20,100
M865,5,20,100
M805,5,20,100
M2608,5,20,100
M2349,5,20,100
M766,5,20,100
M169,5,20,100
M4401,5,20,100
M293,5,20,100
M3786,5,20,100
M3014,7,14,98
M1541,7,14,98
M2084,6,16,96
M2793,6,16,96
M765,6,16,96
M4154,6,16,96
M1732,6,16,96
M2170,6,16,96
M1451,6,16,96
M4408,6,16,96
M3981,6,16,96
M2941,6,16,96
M2672,6,16,96
M1538,6,16,96
M1244,6,16,96
M50,6,16,96
M4304,5,19,95
M3744,5,19,95
M1705,5,19,95
M3752,5,19,95
M3895,5,19,95
M3016,5,19,95
M614,5,19,95
M3431,5,19,95
M2946,5,19,95
M1283,5,19,95
M3832,5,19,95
M775,5,19,95
M496,5,19,95
M4057,5,19,95
M1824,5,19,95
M3792,7,13,91
M415,7,13,91
M1630,5,18,90
M2126,5,18,90
M1369,6,15,90
M1997,5,18,90
M2822,6,15,90
M4337,6,15,90
M1184,5,18,90
M785,5,18,90
M163,6,15,90
M2906,5,18,90
M2741,5,18,90
M1219,6,15,90
M2935,6,15,90
M1141,6,15,90
M258,5,18,90
M1944,5,18,90
M3910,5,18,90
M370,5,18,90
M3706,6,15,90
M2123,6,15,90
M523,5,18,90
M1863,5,18,90
M521,6,15,90
M3901,5,18,90
M1078,6,15,90
M172,5,18,90
M513,6,15,90
M3194,6,15,90
M326,5,18,90
M1127,8,11,88
M12,5,17,85
M1154,5,17,85
M4114,5,17,85
M1702,5,17,85
M3800,5,17,85
M1209,5,17,85
M4071,5,17,85
M3871,5,17,85
M2830,5,17,85
M4363,5,17,85
M1334,5,17,85
M1124,5,17,85
M997,5,17,85
M3002,5,17,85
M2682,5,17,85
M3688,5,17,85
M3298,5,17,85
M4242,5,17,85
M4021,5,17,85
M793,5,17,85
M2648,5,17,85
M2488,5,17,85
M2234,5,17,85
M3467,6,14,84
M3992,6,14,84
M3060,6,14,84
M2871,6,14,84
M2307,6,14,84
M2247,6,14,84
M1147,6,14,84
M1498,5,16,80
M1494,5,16,80
M795,5,16,80
M4286,5,16,80
M2907,5,16,80
M981,5,16,80
M2696,5,16,80
M1333,5,16,80
M3588,5,16,80
M481,5,16,80
M2679,5,16,80
M4218,5,16,80
M3052,5,16,80
M237,5,16,80
M1986,5,16,80
M2502,5,16,80
M3564,5,16,80
M2669,5,16,80
M3919,6,13,78
M2483,6,13,78
M2977,7,11,77
M3172,4,19,76
M2105,4,19,76
M498,4,19,76
M4459,4,19,76
M1626,5,15,75
M3356,5,15,75
M3243,5,15,75
M2159,5,15,75
M3297,5,15,75
M644,5,15,75
M480,5,15,75
M105,5,15,75
M2185,5,15,75
M2267,5,15,75
M2919,5,15,75
M2050,5,15,75
M3629,5,15,75
M1456,5,15,75
M3560,5,15,75
M301,5,15,75
M2556,5,15,75
M2774,5,15,75
M2819,5,15,75
M4241,5,15,75
M2365,5,15,75
M1960,5,15,75
M1855,5,15,75
M4292,5,15,75
M678,5,15,75
M2358,5,15,75
M4368,5,15,75
M1301,6,12,72
M3883,4,18,72
M3067,4,18,72
M3191,4,18,72
M1597,4,18,72
M4142,4,18,72
M4410,4,18,72
M103,4,18,72
M4376,4,18,72
M874,4,18,72
M3498,4,18,72
M736,6,12,72
M1620,4,18,72
M2929,6,12,72
M1106,6,12,72
M3136,6,12,72
M4399,5,14,70
M4009,5,14,70
M2449,5,14,70
M2154,5,14,70
M3639,5,14,70
M4212,5,14,70
M2817,5,14,70
M1568,5,14,70
M3238,5,14,70
M2196,5,14,70
M4344,5,14,70
M3729,5,14,70
M3996,5,14,70
M2531,5,14,70
M1079,5,14,70
M4108,5,14,70
M254,5,14,70
M3931,5,14,70
M128,5,14,70
M4422,5,14,70
M4458,5,14,70
M4193,5,14,70
M2760,5,14,70
M2089,4,17,68
M1321,4,17,68
M4203,4,17,68
M3837,4,17,68
M62,4,17,68
M307,4,17,68
M31,4,17,68
M277,4,17,68
M3518,4,17,68
M973,4,17,68
M4039,6,11,66
M2970,6,11,66
M3604,6,11,66
M691,5,13,65
M1093,5,13,65
M3916,5,13,65
M4162,5,13,65
M1731,5,13,65
M1192,5,13,65
M1869,5,13,65
M2005,5,13,65
M3319,5,13,65
M2197,5,13,65
M1081,5,13,65
M1657,5,13,65
M1082,5,13,65
M3681,5,13,65
M745,5,13,65
M3430,4,16,64
M770,4,16,64
M4453,4,16,64
M1212,4,16,64
M135,4,16,64
M1196,4,16,64
M976,4,16,64
M2592,4,16,64
M1345,4,16,64
M1584,4,16,64
M716,4,16,64
M3785,4,16,64
M1376,4,16,64
M847,4,16,64
M3924,4,16,64
M1457,4,16,64
M1190,4,16,64
M4361,4,16,64
M449,4,16,64
M741,4,16,64
M403,5,12,60
M1717,5,12,60
M1740,5,12,60
M3969,4,15,60
M3939,4,15,60
M183,4,15,60
M3270,4,15,60
M2918,5,12,60
M1351,4,15,60
M1940,4,15,60
M2364,4,15,60
M2355,4,15,60
M3059,5,12,60
M1214,4,15,60
M198,4,15,60
M1980,4,15,60
M3114,4,15,60
M2298,4,15,60
M3173,5,12,60
M583,4,15,60
M2238,4,15,60
M3246,5,12,60
M2032,5,12,60
M4125,4,15,60
M4424,4,15,60
M2215,4,15,60
M22,6,10,60
M1339,4,15,60
M2083,4,15,60
M14,4,15,60
M1393,5,12,60
M1544,5,12,60
M2930,4,15,60
M1920,5,12,60
M2842,4,15,60
M1621,5,12,60
M2729,5,12,60
M2583,4,15,60
M4160,4,15,60
M927,4,15,60
M92,4,15,60
M4239,5,12,60
M875,4,15,60
M2557,5,12,60
M1122,5,12,60
M845,4,15,60
M2911,4,15,60
M1565,4,15,60
M2844,4,14,56
M2624,4,14,56
M1690,4,14,56
M2604,4,14,56
M1326,4,14,56
M3034,4,14,56
M4017,4,14,56
M545,4,14,56
M2836,4,14,56
M2492,4,14,56
M2232,4,14,56
M1290,4,14,56
M841,4,14,56
M884,4,14,56
M3366,4,14,56
M4120,4,14,56
M2107,4,14,56
M3507,4,14,56
M3822,4,14,56
M3805,4,14,56
M1897,4,14,56
M4228,4,14,56
M4252,4,14,56
M4349,4,14,56
M4397,4,14,56
M3339,4,14,56
M2054,4,14,56
M4443,4,14,56
M21,4,14,56
M3465,4,14,56
M2923,5,11,55
M2671,5,11,55
M3094,5,11,55
M3064,5,11,55
M4003,5,11,55
M158,5,11,55
M1265,5,11,55
M1763,5,11,55
M1636,5,11,55
M1459,5,11,55
M1452,5,11,55
M2714,5,11,55
M904,5,11,55
M834,5,11,55
M1612,4,13,52
M1908,4,13,52
M2910,4,13,52
M3497,4,13,52
M1898,4,13,52
M4265,4,13,52
M3793,4,13,52
M3359,4,13,52
M4180,4,13,52
M2820,4,13,52
M879,4,13,52
M2786,4,13,52
M1846,4,13,52
M3829,4,13,52
M3774,4,13,52
M3053,4,13,52
M2602,4,13,52
M3647,4,13,52
M1304,4,13,52
M2039,4,13,52
M1427,4,13,52
M3300,4,13,52
M1275,4,13,52
M598,4,13,52
M1468,4,13,52
M3991,4,13,52
M3171,4,13,52
M3169,4,13,52
M3166,4,13,52
M4351,4,13,52
M3592,4,13,52
M3088,4,13,52
M69,4,13,52
M3614,4,13,52
M2147,4,13,52
M913,4,13,52
M3867,5,10,50
M4130,5,10,50
M966,5,10,50
M3884,5,10,50
M2451,5,10,50
M332,5,10,50
M66,5,10,50
M1057,4,12,48
M910,4,12,48
M1566,4,12,48
M1136,4,12,48
M1188,4,12,48
M4297,4,12,48
M1670,4,12,48
M4430,4,12,48
M687,4,12,48
M151,4,12,48
M3024,4,12,48
M2438,4,12,48
M319,4,12,48
M3997,4,12,48
M3723,4,12,48
M3036,4,12,48
M2824,4,12,48
M3302,4,12,48
M3080,4,12,48
M3620,4,12,48
M2507,4,12,48
M2807,4,12,48
M2087,4,12,48
M3594,4,12,48
M2657,4,12,48
M2752,4,12,48
M3130,4,12,48
M2224,4,12,48
M3037,4,12,48
M2707,4,12,48
M2969,4,12,48
M2082,4,12,48
M2110,4,12,48
M2720,4,12,48
M2248,4,12,48
M2117,3,15,45
M3033,3,15,45
M3115,3,15,45
M1574,5,9,45
M3259,3,15,45
M67,5,9,45
M1414,5,9,45
M1527,5,9,45
M860,3,15,45
M2999,5,9,45
M13,3,15,45
M222,5,9,45
M1849,4,11,44
M2777,4,11,44
M603,4,11,44
M3619,4,11,44
M2761,4,11,44
M2596,4,11,44
M1246,4,11,44
M1348,4,11,44
M423,4,11,44
M3459,4,11,44
M3709,4,11,44
M3360,4,11,44
M1906,4,11,44
M4192,4,11,44
M506,4,11,44
M858,4,11,44
M1475,4,11,44
M2210,4,11,44
M2683,4,11,44
M1168,4,11,44
M374,4,11,44
M4447,4,11,44
M611,4,11,44
M4359,4,11,44
M4083,4,11,44
M2031,4,11,44
M218,4,11,44
M2859,4,11,44
M3393,4,11,44
M1724,4,11,44
M1504,4,11,44
M407,4,11,44
M2292,4,11,44
M587,4,11,44
M3040,4,11,44
M4322,4,11,44
M3516,3,14,42
M4373,3,14,42
M2249,3,14,42
M2323,3,14,42
M1269,4,10,40
M4326,4,10,40
M4186,5,8,40
M3628,4,10,40
M1966,4,10,40
M2545,4,10,40
M3552,4,10,40
M4466,4,10,40
M2765,4,10,40
M2377,4,10,40
M448,4,10,40
M2569,4,10,40
M3845,5,8,40
M411,4,10,40
M2730,4,10,40
M1570,5,8,40
M3244,4,10,40
M823,4,10,40
M3632,5,8,40
M3695,4,10,40
M300,4,10,40
M1663,4,10,40
M1886,4,10,40
M61,4,10,40
M578,4,10,40
M2511,4,10,40
M3144,4,10,40
M3514,4,10,40
M2924,4,10,40
M654,4,10,40
M2190,4,10,40
M2049,4,10,40
M2864,4,10,40
M801,4,10,40
M3409,4,10,40
M236,4,10,40
M1742,3,13,39
M3358,3,13,39
M2639,3,13,39
M2902,3,13,39
M1261,3,13,39
M4471,3,13,39
M159,3,13,39
M876,3,13,39
M4175,3,13,39
M1152,3,13,39
M1871,3,13,39
M1332,3,13,39
M2369,3,13,39
M3973,3,13,39
M3956,3,13,39
M2295,3,13,39
M3762,3,12,36
M1072,3,12,36
M4213,4,9,36
M3460,4,9,36
M1958,4,9,36
M2934,3,12,36
M520,3,12,36
M1505,4,9,36
M3771,3,12,36
M207,4,9,36
M2382,4,9,36
M1949,4,9,36
M2666,3,12,36
M1921,4,9,36
M2975,4,9,36
M2125,4,9,36
M3400,4,9,36
M1430,4,9,36
M4379,4,9,36
M1465,3,12,36
M4090,3,12,36
M648,3,12,36
M2245,4,9,36
M4347,3,12,36
M2294,3,12,36
M2904,3,12,36
M2627,3,12,36
M1258,3,12,36
M610,3,12,36
M4264,3,12,36
M3378,4,9,36
M4365,4,9,36
M318,4,9,36
M4111,4,9,36
M1755,4,9,36
M1815,3,12,36
M4481,3,12,36
M2183,3,12,36
M3056,4,9,36
M1442,3,12,36
M4151,4,9,36
M3856,3,12,36
M1486,4,9,36
M182,4,9,36
M568,3,12,36
M508,4,9,36
M1308,3,12,36
M924,4,9,36
M2426,6,6,36
M1623,3,12,36
M3603,3,12,36
M3902,3,12,36
M3566,5,7,35
M86,5,7,35
M2850,3,11,33
M3727,3,11,33
M4400,3,11,33
M4301,3,11,33
M2202,3,11,33
M3483,3,11,33
M3705,3,11,33
M112,3,11,33
M3022,3,11,33
M2718,3,11,33
M1030,3,11,33
M1752,3,11,33
M2419,3,11,33
M174,3,11,33
M3428,3,11,33
M2092,3,11,33
M2373,3,11,33
M1601,3,11,33
M4156,3,11,33
M3186,3,11,33
M2564,3,11,33
M1720,3,11,33
M3918,3,11,33
M2166,3,11,33
M2399,3,11,33
M2345,3,11,33
M4318,3,11,33
M1349,3,11,33
M2821,3,11,33
M3178,3,11,33
M2219,3,11,33
M4313,3,11,33
M4195,3,11,33
M1701,4,8,32
M142,4,8,32
M3698,4,8,32
M525,4,8,32
M650,4,8,32
M828,4,8,32
M2646,4,8,32
M1662,4,8,32
M772,4,8,32
M3908,4,8,32
M1242,4,8,32
M3892,4,8,32
M1133,4,8,32
M3280,4,8,32
M2543,4,8,32
M1977,3,10,30
M802,3,10,30
M1954,3,10,30
M3572,3,10,30
M604,3,10,30
M2263,3,10,30
M1493,3,10,30
M1985,3,10,30
M3636,3,10,30
M2952,3,10,30
M2392,3,10,30
M2003,3,10,30
M2963,3,10,30
M4391,3,10,30
M3558,3,10,30
M2632,3,10,30
M539,3,10,30
M830,3,10,30
M2207,3,10,30
M4220,3,10,30
M1091,3,10,30
M593,3,10,30
M3083,3,10,30
M4190,3,10,30
M2788,3,10,30
M320,3,10,30
M1841,3,10,30
M2318,3,10,30
M914,3,10,30
M1235,3,10,30
M1806,3,10,30
M1383,3,10,30
M948,3,10,30
M4112,3,10,30
M1706,3,10,30
M3154,3,10,30
M2143,3,10,30
M2148,3,10,30
M3731,3,10,30
M1458,3,10,30
M1107,3,10,30
M11,3,10,30
M1927,3,10,30
M3493,3,10,30
M2461,4,7,28
M75,4,7,28
M1436,4,7,28
M1131,4,7,28
M4126,4,7,28
M2455,4,7,28
M4091,4,7,28
M1065,4,7,28
M557,4,7,28
M3601,3,9,27
M1040,3,9,27
M1968,3,9,27
M4107,3,9,27
M1241,3,9,27
M4486,3,9,27
M665,3,9,27
M3874,3,9,27
M2497,3,9,27
M2600,3,9,27
M1025,3,9,27
M1813,3,9,27
M2002,3,9,27
M3001,3,9,27
M3985,3,9,27
M3386,3,9,27
M4070,3,9,27
M2887,3,9,27
M2990,3,9,27
M3156,3,9,27
M1429,3,9,27
M3158,3,9,27
M1007,3,9,27
M2993,3,9,27
M4024,3,9,27
M327,3,9,27
M1268,3,9,27
M619,3,9,27
M1090,3,9,27
M2445,3,9,27
M1440,3,9,27
M3474,3,9,27
M54,3,9,27
M792,3,9,27
M2573,3,9,27
M2258,3,9,27
M2336,3,9,27
M3087,3,9,27
M2021,3,9,27
M4211,3,9,27
M2550,3,9,27
M2555,3,9,27
M4176,3,9,27
M1896,3,9,27
M4475,3,9,27
M4230,3,9,27
M1232,3,9,27
M1919,3,9,27
M612,3,8,24
M352,3,8,24
M3479,3,8,24
M4436,3,8,24
M3473,3,8,24
M2061,3,8,24
M3399,3,8,24
M3392,3,8,24
M3045,3,8,24
M340,3,8,24
M3457,3,8,24
M684,3,8,24
M3447,3,8,24
M3499,3,8,24
M124,3,8,24
M1431,3,8,24
M4404,3,8,24
M4435,3,8,24
M364,3,8,24
M1341,3,8,24
M3205,3,8,24
M810,3,8,24
M1516,3,8,24
M815,3,8,24
M3660,3,8,24
M1522,3,8,24
M3203,3,8,24
M192,3,8,24
M3941,3,8,24
M2717,3,8,24
M2446,3,8,24
M2829,4,6,24
M2587,3,8,24
M2740,3,8,24
M1088,3,8,24
M1876,3,8,24
M3219,4,6,24
M3843,3,8,24
M276,4,6,24
M1010,3,8,24
M968,3,8,24
M1982,3,8,24
M402,3,8,24
M995,4,6,24
M2966,3,8,24
M3589,3,8,24
M1989,3,8,24
M4032,3,8,24
M2560,3,7,21
M347,3,7,21
M2404,3,7,21
M2586,3,7,21
M3947,3,7,21
M3504,3,7,21
M1003,3,7,21
M695,3,7,21
M3132,3,7,21
M60,3,7,21
M372,3,7,21
M1952,3,7,21
M941,3,7,21
M1379,3,7,21
M3732,3,7,21
M656,3,7,21
M4416,3,7,21
M821,3,7,21
M3027,3,7,21
M1822,3,7,21
M1850,3,7,21
M2402,3,7,21
M3096,3,7,21
M4002,3,7,21
M3645,3,7,21
M1605,3,7,21
M3549,3,7,21
M4235,3,7,21
M3861,3,7,21
M1083,3,7,21
M469,3,7,21
M1197,3,7,21
M2667,3,7,21
M1328,3,7,21
M3669,3,7,21
M887,2,10,20
M3468,2,10,20
M3454,2,10,20
M2273,2,10,20
M1390,2,10,20
M3377,2,10,20
M373,2,10,20
M3167,2,10,20
M1942,2,10,20
M365,2,10,20
M354,4,5,20
M3953,2,10,20
M1483,2,10,20
M3131,2,10,20
M3381,2,9,18
M570,3,6,18
M2570,2,9,18
M1013,2,9,18
M1698,2,9,18
M383,3,6,18
M4075,2,9,18
M4020,2,9,18
M3370,3,6,18
M1396,2,9,18
M1311,3,6,18
M2618,2,9,18
M979,3,6,18
M2607,3,6,18
M3877,3,6,18
M2611,3,6,18
M3396,2,9,18
M2742,3,6,18
M4469,3,6,18
M991,2,9,18
M2736,2,9,18
M1785,2,9,18
M2268,2,9,18
M3417,3,6,18
M4044,3,6,18
M3415,2,9,18
M3940,3,6,18
M2,2,9,18
M2549,2,9,18
M3543,3,6,18
M3041,3,6,18
M3308,3,6,18
M2363,2,9,18
M3311,3,6,18
M1117,3,6,18
M3061,2,9,18
M2030,2,9,18
M2060,3,6,18
M444,2,9,18
M3754,3,6,18
M2187,2,9,18
M800,3,6,18
M1540,3,6,18
M377,3,6,18
M3189,3,6,18
M1449,3,6,18
M2991,2,9,18
M3100,2,9,18
M2393,2,9,18
M541,3,6,18
M4425,3,6,18
M1257,2,8,16
M826,2,8,16
M2957,2,8,16
M1189,2,8,16
M2959,2,8,16
M2415,2,8,16
M4028,2,8,16
M63,2,8,16
M3663,2,8,16
M565,2,8,16
M608,2,8,16
M245,2,8,16
M1439,2,8,16
M2138,2,8,16
M2157,2,8,16
M4006,2,8,16
M196,2,8,16
M2863,2,8,16
M1859,2,8,16
M597,2,8,16
M3776,2,8,16
M2311,2,8,16
M1239,2,8,16
M2516,2,8,16
M1386,2,8,16
M2094,2,8,16
M1338,2,8,16
M3866,2,8,16
M4143,2,8,16
M1907,2,8,16
M335,2,8,16
M1169,2,8,16
M1577,2,8,16
M2071,2,8,16
M3099,2,8,16
M590,2,8,16
M1953,3,5,15
M2151,3,5,15
M510,3,5,15
M515,3,5,15
M4202,3,5,15
M1653,3,5,15
M1019,3,5,15
M27,3,5,15
M1199,3,5,15
M2846,3,5,15
M959,3,5,15
M4170,3,5,15
M1562,3,5,15
M3761,3,5,15
M581,2,7,14
M3337,2,7,14
M3199,2,7,14
M51,2,7,14
M544,2,7,14
M1309,2,7,14
M3349,2,7,14
M3241,2,7,14
M567,2,7,14
M626,2,7,14
M4316,2,7,14
M2926,2,7,14
M2915,2,7,14
M3891,2,7,14
M2909,2,7,14
M93,2,7,14
M1539,2,7,14
M4139,2,7,14
M286,2,7,14
M844,2,7,14
M230,2,7,14
M1555,2,7,14
M4233,2,7,14
M2745,2,7,14
M4226,2,7,14
M1904,2,7,14
M1894,2,7,14
M2810,2,7,14
M2571,2,7,14
M4199,2,7,14
M2536,2,7,14
M3846,2,7,14
M2781,2,7,14
M1583,2,7,14
M3831,2,7,14
M936,2,7,14
M10,2,7,14
M119,2,7,14
M2313,2,7,14
M4053,2,7,14
M264,2,7,14
M1009,2,7,14
M4018,2,7,14
M98,2,7,14
M698,2,7,14
M1415,2,7,14
M703,2,7,14
M3032,2,7,14
M2436,2,7,14
M2753,2,7,14
M2619,2,7,14
M3989,2,7,14
M2387,2,7,14
M757,2,7,14
M3586,2,7,14
M1161,2,7,14
M2417,2,7,14
M434,2,7,14
M1961,2,7,14
M2748,2,6,12
M923,2,6,12
M99,2,6,12
M2253,2,6,12
M1284,2,6,12
M2704,2,6,12
M2504,2,6,12
M1064,2,6,12
M3213,2,6,12
M675,2,6,12
M3105,2,6,12
M1227,3,4,12
M3097,2,6,12
M3089,2,6,12
M121,2,6,12
M729,2,6,12
M1183,3,4,12
M769,2,6,12
M790,2,6,12
M2444,2,6,12
M812,2,6,12
M827,2,6,12
M1109,2,6,12
M2489,2,6,12
M85,2,6,12
M864,2,6,12
M2530,2,6,12
M59,2,6,12
M296,2,6,12
M3351,2,6,12
M3553,2,6,12
M1916,2,6,12
M3635,2,6,12
M4446,2,6,12
M141,2,6,12
M2204,2,6,12
M4183,2,6,12
M3462,2,6,12
M3658,2,6,12
M3922,2,6,12
M2088,2,6,12
M1398,2,6,12
M1779,2,6,12
M4433,2,6,12
M1624,2,6,12
M4246,2,6,12
M4128,2,6,12
M4217,2,6,12
M4215,2,6,12
M2121,2,6,12
M3855,2,6,12
M1362,2,6,12
M4200,2,6,12
M1356,2,6,12
M4081,2,6,12
M1407,2,6,12
M3540,2,6,12
M1677,3,4,12
M2035,2,6,12
M3260,2,6,12
M3519,3,4,12
M1433,2,6,12
M204,2,6,12
M328,2,6,12
M4395,2,6,12
M1713,2,6,12
M1696,3,4,12
M200,2,6,12
M3488,3,4,12
M355,2,6,12
M4309,2,6,12
M1247,2,5,10
M1881,2,5,10
M1548,2,5,10
M3137,2,5,10
M1995,2,5,10
M4245,2,5,10
M1385,2,5,10
M4403,2,5,10
M1910,2,5,10
M697,2,5,10
M3692,2,5,10
M2466,2,5,10
M2453,2,5,10
M1950,2,5,10
M4324,2,5,10
M2343,2,5,10
M2434,2,5,10
M2428,2,5,10
M2973,2,5,10
M2334,2,5,10
M2327,2,5,10
M3435,2,5,10
M1517,2,5,10
M813,2,5,10
M4277,2,5,10
M1984,2,5,10
M2038,2,5,10
M1929,2,5,10
M150,2,5,10
M1354,2,5,10
M3252,2,5,10
M1888,2,5,10
M3284,2,5,10
M3230,2,5,10
M2709,2,5,10
M2257,2,5,10
M538,2,5,10
M2576,2,5,10
M396,2,5,10
M412,2,5,10
M2614,2,5,10
M1688,2,5,10
M1736,2,5,10
M1320,2,5,10
M3341,2,5,10
M1028,2,5,10
M945,2,5,10
M3193,2,5,10
M130,2,5,10
M2655,2,5,10
M1609,2,5,10
M542,2,5,10
M2261,2,5,10
M4158,2,5,10
M1603,2,5,10
M1714,2,5,10
M2242,2,5,10
M399,2,5,10
M2764,2,5,10
M3853,2,5,10
M3214,2,5,10
M2227,2,5,10
M3261,3,3,9
M756,2,4,8
M4101,2,4,8
M1285,2,4,8
M2070,2,4,8
M2785,2,4,8
M4076,2,4,8
M2437,2,4,8
M3580,2,4,8
M53,2,4,8
M3597,2,4,8
M1016,2,4,8
M3296,2,4,8
M1993,2,4,8
M3069,2,4,8
M1964,2,4,8
M3637,2,4,8
M2588,2,4,8
M4362,2,4,8
M272,2,4,8
M740,2,4,8
M2274,2,4,8
M2744,2,4,8
M4223,2,4,8
M2563,2,4,8
M1519,2,4,8
M2833,2,4,8
M1361,2,4,8
M2534,2,4,8
M1053,2,4,8
M343,2,4,8
M2540,2,4,8
M1537,2,4,8
M1454,2,4,8
M944,2,4,8
M2792,2,4,8
M3694,2,4,8
M509,2,4,8
M1764,2,4,8
M3683,2,4,8
M1852,2,4,8
M3140,2,4,8
M2815,2,3,6
M1185,2,3,6
M2562,2,3,6
M3556,2,3,6
M870,2,3,6
M291,2,3,6
M2396,2,3,6
M4329,2,3,6
M1371,2,3,6
M975,2,3,6
M592,2,3,6
M926,2,3,6
M742,2,3,6
M2681,2,3,6
M726,2,3,6
M854,2,3,6
M4000,1,5,5
M20,1,5,5
M4022,1,5,5
M278,1,5,5
M3602,1,5,5
M3609,1,5,5
M244,1,5,5
M4307,1,5,5
M3977,1,5,5
M2591,1,5,5
M3661,1,5,5
M3676,1,5,5
M1112,1,5,5
M2894,1,5,5
M392,1,5,5
M4382,1,5,5
M4206,1,5,5
M42,1,5,5
M3795,1,5,5
M1508,1,5,5
M4046,1,5,5
M3346,1,5,5
M2367,1,5,5
M3206,1,5,5
M4417,1,5,5
M4462,1,5,5
M627,1,5,5
M549,1,5,5
M2270,1,5,5
M3508,1,5,5
M713,1,5,5
M1204,1,5,5
M3362,1,5,5
M559,1,5,5
M4480,1,5,5
M1422,1,5,5
M2280,1,5,5
M4455,1,5,5
M2145,1,5,5
M2347,1,5,5
M203,1,5,5
M2381,1,5,5
M4445,1,5,5
M1437,1,5,5
M1331,1,5,5
M3235,1,5,5
M1445,1,5,5
M3019,1,5,5
M214,1,5,5
M816,1,4,4
M679,1,4,4
M2450,1,4,4
M4457,1,4,4
M2725,2,2,4
M939,1,4,4
M1512,1,4,4
M1340,1,4,4
M3656,1,4,4
M4132,1,4,4
M3108,1,4,4
M4464,1,4,4
M428,1,4,4
M1380,1,4,4
M2832,1,4,4
M2799,1,4,4
M1909,1,4,4
M639,1,4,4
M3383,1,4,4
M484,1,4,4
M4172,1,4,4
M1587,1,4,4
M1397,1,4,4
M228,1,4,4
M3693,1,4,4
M1534,1,4,4
M2948,2,2,4
M3179,1,4,4
M922,1,4,4
M82,1,4,4
M946,2,2,4
M3550,1,4,4
M753,1,4,4
M3211,1,4,4
M1177,2,2,4
M2616,2,2,4
M226,1,4,4
M2361,2,2,4
M1649,1,4,4
M1478,2,2,4
M3607,2,2,4
M2427,1,4,4
M1480,1,4,4
M4058,1,4,4
M1322,1,4,4
M3251,2,2,4
M4332,1,4,4
M574,1,4,4
M2609,1,4,4
M2983,2,2,4
M2987,1,4,4
M3528,1,4,4
M1758,1,4,4
M2703,1,4,4
M1288,1,4,4
M1461,1,4,4
M3277,1,4,4
M2598,1,4,4
M3575,2,2,4
M1463,1,4,4
M2637,1,4,4
M784,1,4,4
M1979,1,4,4
M3806,1,3,3
M186,1,3,3
M2553,1,3,3
M1864,1,3,3
M2184,1,3,3
M4059,1,3,3
M1847,1,3,3
M3790,1,3,3
M4034,1,3,3
M379,1,3,3
M2805,1,3,3
M100,1,3,3
M136,1,3,3
M465,1,3,3
M87,1,3,3
M4205,1,3,3
M1368,1,3,3
M2634,1,3,3
M882,1,3,3
M3980,1,3,3
M1071,1,3,3
M1641,1,3,3
M1325,1,3,3
M1762,1,3,3
M3344,1,3,3
M1753,1,3,3
M3764,1,3,3
M177,1,3,3
M2722,1,3,3
M3328,1,3,3
M1747,1,3,3
M3897,1,3,3
M1052,1,3,3
M4016,1,3,3
M1643,1,3,3
M3352,1,3,3
M493,1,3,3
M1808,1,3,3
M1811,1,3,3
M3869,1,3,3
M917,1,3,3
M2255,1,3,3
M3836,1,3,3
M1836,1,3,3
M1883,1,3,3
M243,1,3,3
M651,1,3,3
M1159,1,3,3
M4487,1,3,3
M2978,1,3,3
M154,1,3,3
M3042,1,3,3
M3621,1,3,3
M2090,1,3,3
M669,1,3,3
M4314,1,3,3
M2947,1,3,3
M3050,1,3,3
M3627,1,3,3
M1928,1,3,3
M3436,1,3,3
M43,1,3,3
M234,1,3,3
M2917,1,3,3
M1567,1,3,3
M140,1,3,3
M3452,1,3,3
M2416,1,3,3
M1125,1,3,3
M3407,1,3,3
M2309,1,3,3
M2835,1,3,3
M3562,1,3,3
M4243,1,3,3
M4494,1,3,3
M1382,1,3,3
M744,1,3,3
M1095,1,3,3
M1198,1,3,3
M3748,1,3,3
M4231,1,3,3
M2231,1,2,2
M134,1,2,2
M4300,1,2,2
M4023,1,2,2
M2179,1,2,2
M2065,1,2,2
M2914,1,2,2
M3548,1,2,2
M4375,1,2,2
M3353,1,2,2
M1791,1,2,2
M2058,1,2,2
M987,1,2,2
M1327,1,2,2
M2998,1,2,2
M540,1,2,2
M266,1,2,2
M3294,1,2,2
M321,1,2,2
M1153,1,2,2
M3257,1,2,2
M1805,1,2,2
M2201,1,2,2
M782,1,2,2
M2193,1,2,2
M1416,1,2,2
M4065,1,2,2
M4113,1,2,2
M1034,1,2,2
M147,1,2,2
M1474,1,2,2
M2728,1,2,2
M2079,1,2,2
M139,1,2,2
M2759,1,2,2
M3110,1,2,2
M4169,1,2,2
M1342,1,2,2
M3697,1,2,2
M1545,1,2,2
M3711,1,2,2
M3429,1,2,2
M1829,1,2,2
M2790,1,2,2
M1554,1,2,2
M3788,1,2,2
M2291,1,2,2
M1873,1,2,2
M450,1,2,2
M737,1,2,2
M2901,1,2,2
M34,1,2,2
M3848,1,2,2
M3448,1,2,2
M2275,1,2,2
M1343,1,2,2
M2320,1,2,2
M2278,1,2,2
M3395,1,1,1
M2996,1,1,1
M1868,1,1,1
M714,1,1,1
M1812,1,1,1
M920,1,1,1
M1992,1,1,1
M3722,1,1,1
M64,1,1,1
M3644,1,1,1
M820,1,1,1
M3577,1,1,1
M2635,1,1,1
M2233,1,1,1
M3118,1,1,1
M1938,1,1,1
M727,1,1,1
M3770,1,1,1
M3753,1,1,1
M562,1,1,1
M3547,1,1,1
M1685,1,1,1
M3878,1,1,1
M3844,1,1,1
M1410,1,1,1
M3162,1,1,1
M4311,1,1,1
M2354,1,1,1
M1957,1,1,1
M1591,1,1,1
M3361,1,1,1
M2481,1,1,1
M3929,1,1,1
M2766,1,1,1
M1417,1,1,1
M3930,1,1,1
M1750,1,1,1
M3618,1,1,1
M3502,1,1,1
M3818,1,1,1
M2770,1,1,1
M778,1,1,1
M4338,1,1,1
M2484,1,1,1
M1924,1,1,1
M616,1,1,1
M1472,1,1,1
M336,1,1,1
M1205,1,1,1
